order,month,category,channel,units,returned,listCents,discountCents,netCents,cogsCents,returnCostCents,contributionCents,unitPrice,unitCost,discountPct
SIM-0001,2026-01,Prendas,Online,1,0,6000,1800,4200,2400,0,1800,60,24,30
SIM-0002,2026-01,Calzado,Tienda,3,0,27000,5400,21600,12600,0,9000,90,42,20
SIM-0003,2026-01,Prendas,Online,1,1,6000,0,0,0,600,-600,60,24,0
SIM-0004,2026-01,Calzado,Tienda,2,0,18000,3600,14400,8400,0,6000,90,42,20
SIM-0005,2026-01,Prendas,Tienda,1,0,6000,600,5400,2400,0,3000,60,24,10
SIM-0006,2026-01,Prendas,Tienda,1,0,6000,1200,4800,2400,0,2400,60,24,20
SIM-0007,2026-01,Prendas,Online,1,0,6000,0,6000,2400,0,3600,60,24,0
SIM-0008,2026-01,Calzado,Tienda,1,0,9000,1800,7200,4200,0,3000,90,42,20
SIM-0009,2026-01,Calzado,Online,1,0,9000,1800,7200,4200,0,3000,90,42,20
SIM-0010,2026-01,Prendas,Tienda,3,1,18000,0,12000,4800,200,7000,60,24,0
SIM-0011,2026-01,Calzado,Tienda,2,0,18000,1800,16200,8400,0,7800,90,42,10
SIM-0012,2026-01,Calzado,Online,3,0,27000,0,27000,12600,0,14400,90,42,0
SIM-0013,2026-01,Calzado,Online,2,1,18000,1800,8100,4200,600,3300,90,42,10
SIM-0014,2026-01,Prendas,Online,1,0,6000,600,5400,2400,0,3000,60,24,10
SIM-0015,2026-01,Prendas,Tienda,1,0,6000,0,6000,2400,0,3600,60,24,0
SIM-0016,2026-01,Accesorios,Online,1,0,3000,0,3000,900,0,2100,30,9,0
SIM-0017,2026-01,Prendas,Online,1,0,6000,0,6000,2400,0,3600,60,24,0
SIM-0018,2026-01,Prendas,Online,2,0,12000,0,12000,4800,0,7200,60,24,0
SIM-0019,2026-01,Prendas,Online,1,0,6000,1200,4800,2400,0,2400,60,24,20
SIM-0020,2026-01,Prendas,Online,2,0,12000,0,12000,4800,0,7200,60,24,0
SIM-0021,2026-01,Accesorios,Online,1,0,3000,600,2400,900,0,1500,30,9,20
SIM-0022,2026-01,Prendas,Online,3,1,18000,3600,9600,4800,600,4200,60,24,20
SIM-0023,2026-01,Prendas,Online,1,0,6000,600,5400,2400,0,3000,60,24,10
SIM-0024,2026-01,Prendas,Online,1,0,6000,0,6000,2400,0,3600,60,24,0
SIM-0025,2026-01,Accesorios,Tienda,2,0,6000,0,6000,1800,0,4200,30,9,0
SIM-0026,2026-01,Prendas,Tienda,1,0,6000,1200,4800,2400,0,2400,60,24,20
SIM-0027,2026-01,Prendas,Online,1,0,6000,0,6000,2400,0,3600,60,24,0
SIM-0028,2026-01,Calzado,Online,1,0,9000,1800,7200,4200,0,3000,90,42,20
SIM-0029,2026-01,Calzado,Online,1,0,9000,0,9000,4200,0,4800,90,42,0
SIM-0030,2026-01,Accesorios,Tienda,3,0,9000,0,9000,2700,0,6300,30,9,0
SIM-0031,2026-01,Prendas,Tienda,1,0,6000,1200,4800,2400,0,2400,60,24,20
SIM-0032,2026-01,Prendas,Tienda,2,1,12000,2400,4800,2400,200,2200,60,24,20
SIM-0033,2026-01,Calzado,Tienda,2,0,18000,0,18000,8400,0,9600,90,42,0
SIM-0034,2026-01,Accesorios,Tienda,2,0,6000,600,5400,1800,0,3600,30,9,10
SIM-0035,2026-01,Accesorios,Tienda,1,1,3000,0,0,0,200,-200,30,9,0
SIM-0036,2026-01,Prendas,Online,2,0,12000,2400,9600,4800,0,4800,60,24,20
SIM-0037,2026-01,Calzado,Online,1,0,9000,0,9000,4200,0,4800,90,42,0
SIM-0038,2026-01,Prendas,Tienda,1,0,6000,0,6000,2400,0,3600,60,24,0
SIM-0039,2026-01,Calzado,Online,1,0,9000,0,9000,4200,0,4800,90,42,0
SIM-0040,2026-01,Accesorios,Tienda,1,0,3000,300,2700,900,0,1800,30,9,10
SIM-0041,2026-01,Accesorios,Online,1,0,3000,0,3000,900,0,2100,30,9,0
SIM-0042,2026-01,Calzado,Online,1,0,9000,0,9000,4200,0,4800,90,42,0
SIM-0043,2026-01,Calzado,Tienda,2,1,18000,1800,8100,4200,200,3700,90,42,10
SIM-0044,2026-01,Calzado,Online,1,0,9000,0,9000,4200,0,4800,90,42,0
SIM-0045,2026-01,Prendas,Online,1,0,6000,1200,4800,2400,0,2400,60,24,20
SIM-0046,2026-01,Calzado,Tienda,1,0,9000,0,9000,4200,0,4800,90,42,0
SIM-0047,2026-01,Prendas,Online,2,1,12000,1200,5400,2400,600,2400,60,24,10
SIM-0048,2026-01,Calzado,Online,1,1,9000,900,0,0,600,-600,90,42,10
SIM-0049,2026-01,Accesorios,Online,1,0,3000,0,3000,900,0,2100,30,9,0
SIM-0050,2026-01,Prendas,Tienda,1,0,6000,1200,4800,2400,0,2400,60,24,20
SIM-0051,2026-01,Prendas,Online,1,0,6000,0,6000,2400,0,3600,60,24,0
SIM-0052,2026-01,Prendas,Tienda,1,0,6000,1800,4200,2400,0,1800,60,24,30
SIM-0053,2026-01,Prendas,Online,1,0,6000,600,5400,2400,0,3000,60,24,10
SIM-0054,2026-01,Calzado,Online,1,0,9000,2700,6300,4200,0,2100,90,42,30
SIM-0055,2026-01,Calzado,Tienda,1,0,9000,1800,7200,4200,0,3000,90,42,20
SIM-0056,2026-01,Prendas,Tienda,1,0,6000,0,6000,2400,0,3600,60,24,0
SIM-0057,2026-01,Accesorios,Tienda,1,0,3000,600,2400,900,0,1500,30,9,20
SIM-0058,2026-01,Accesorios,Tienda,2,0,6000,1200,4800,1800,0,3000,30,9,20
SIM-0059,2026-01,Calzado,Online,1,0,9000,1800,7200,4200,0,3000,90,42,20
SIM-0060,2026-01,Calzado,Online,1,1,9000,2700,0,0,600,-600,90,42,30
SIM-0061,2026-01,Accesorios,Online,1,0,3000,900,2100,900,0,1200,30,9,30
SIM-0062,2026-01,Calzado,Online,1,0,9000,1800,7200,4200,0,3000,90,42,20
SIM-0063,2026-01,Calzado,Online,3,1,27000,0,18000,8400,600,9000,90,42,0
SIM-0064,2026-01,Prendas,Online,3,0,18000,1800,16200,7200,0,9000,60,24,10
SIM-0065,2026-01,Prendas,Tienda,1,0,6000,600,5400,2400,0,3000,60,24,10
SIM-0066,2026-01,Prendas,Online,2,0,12000,0,12000,4800,0,7200,60,24,0
SIM-0067,2026-01,Prendas,Online,1,0,6000,1800,4200,2400,0,1800,60,24,30
SIM-0068,2026-01,Accesorios,Online,1,0,3000,600,2400,900,0,1500,30,9,20
SIM-0069,2026-01,Prendas,Online,1,0,6000,1800,4200,2400,0,1800,60,24,30
SIM-0070,2026-01,Prendas,Online,1,0,6000,1800,4200,2400,0,1800,60,24,30
SIM-0071,2026-01,Prendas,Tienda,1,0,6000,0,6000,2400,0,3600,60,24,0
SIM-0072,2026-01,Prendas,Online,1,0,6000,600,5400,2400,0,3000,60,24,10
SIM-0073,2026-01,Prendas,Online,2,0,12000,3600,8400,4800,0,3600,60,24,30
SIM-0074,2026-01,Prendas,Tienda,1,0,6000,0,6000,2400,0,3600,60,24,0
SIM-0075,2026-01,Accesorios,Online,1,0,3000,900,2100,900,0,1200,30,9,30
SIM-0076,2026-01,Accesorios,Online,1,0,3000,900,2100,900,0,1200,30,9,30
SIM-0077,2026-01,Prendas,Tienda,1,1,6000,0,0,0,200,-200,60,24,0
SIM-0078,2026-01,Accesorios,Tienda,1,0,3000,0,3000,900,0,2100,30,9,0
SIM-0079,2026-01,Prendas,Online,1,1,6000,600,0,0,600,-600,60,24,10
SIM-0080,2026-01,Calzado,Online,2,0,18000,0,18000,8400,0,9600,90,42,0
SIM-0081,2026-01,Prendas,Tienda,2,0,12000,2400,9600,4800,0,4800,60,24,20
SIM-0082,2026-01,Prendas,Tienda,1,0,6000,1200,4800,2400,0,2400,60,24,20
SIM-0083,2026-01,Calzado,Online,1,0,9000,2700,6300,4200,0,2100,90,42,30
SIM-0084,2026-01,Calzado,Online,1,0,9000,0,9000,4200,0,4800,90,42,0
SIM-0085,2026-01,Prendas,Online,1,0,6000,0,6000,2400,0,3600,60,24,0
SIM-0086,2026-01,Accesorios,Online,1,0,3000,0,3000,900,0,2100,30,9,0
SIM-0087,2026-01,Prendas,Online,1,1,6000,1200,0,0,600,-600,60,24,20
SIM-0088,2026-01,Calzado,Tienda,1,0,9000,2700,6300,4200,0,2100,90,42,30
SIM-0089,2026-01,Calzado,Online,3,2,27000,2700,8100,4200,1200,2700,90,42,10
SIM-0090,2026-01,Calzado,Tienda,1,0,9000,900,8100,4200,0,3900,90,42,10
SIM-0091,2026-01,Prendas,Online,1,0,6000,1200,4800,2400,0,2400,60,24,20
SIM-0092,2026-01,Prendas,Online,1,0,6000,1200,4800,2400,0,2400,60,24,20
SIM-0093,2026-01,Prendas,Online,2,0,12000,0,12000,4800,0,7200,60,24,0
SIM-0094,2026-01,Prendas,Tienda,1,0,6000,1200,4800,2400,0,2400,60,24,20
SIM-0095,2026-01,Prendas,Online,1,0,6000,600,5400,2400,0,3000,60,24,10
SIM-0096,2026-01,Prendas,Online,2,0,12000,0,12000,4800,0,7200,60,24,0
SIM-0097,2026-01,Accesorios,Online,1,0,3000,0,3000,900,0,2100,30,9,0
SIM-0098,2026-01,Prendas,Online,1,0,6000,0,6000,2400,0,3600,60,24,0
SIM-0099,2026-01,Calzado,Tienda,1,0,9000,2700,6300,4200,0,2100,90,42,30
SIM-0100,2026-01,Calzado,Online,1,0,9000,2700,6300,4200,0,2100,90,42,30
SIM-0101,2026-01,Prendas,Tienda,1,0,6000,1800,4200,2400,0,1800,60,24,30
SIM-0102,2026-01,Prendas,Online,1,0,6000,0,6000,2400,0,3600,60,24,0
SIM-0103,2026-01,Calzado,Online,1,0,9000,0,9000,4200,0,4800,90,42,0
SIM-0104,2026-01,Calzado,Tienda,2,0,18000,0,18000,8400,0,9600,90,42,0
SIM-0105,2026-01,Prendas,Tienda,1,0,6000,0,6000,2400,0,3600,60,24,0
SIM-0106,2026-01,Calzado,Tienda,2,0,18000,0,18000,8400,0,9600,90,42,0
SIM-0107,2026-01,Accesorios,Online,1,0,3000,300,2700,900,0,1800,30,9,10
SIM-0108,2026-01,Prendas,Online,1,0,6000,0,6000,2400,0,3600,60,24,0
SIM-0109,2026-01,Prendas,Online,3,1,18000,3600,9600,4800,600,4200,60,24,20
SIM-0110,2026-01,Calzado,Online,2,1,18000,3600,7200,4200,600,2400,90,42,20
SIM-0111,2026-01,Prendas,Online,1,0,6000,0,6000,2400,0,3600,60,24,0
SIM-0112,2026-01,Accesorios,Online,1,0,3000,300,2700,900,0,1800,30,9,10
SIM-0113,2026-01,Prendas,Tienda,1,0,6000,1200,4800,2400,0,2400,60,24,20
SIM-0114,2026-01,Prendas,Online,2,1,12000,2400,4800,2400,600,1800,60,24,20
SIM-0115,2026-01,Calzado,Online,1,0,9000,900,8100,4200,0,3900,90,42,10
SIM-0116,2026-01,Calzado,Online,1,1,9000,1800,0,0,600,-600,90,42,20
SIM-0117,2026-01,Prendas,Tienda,1,0,6000,0,6000,2400,0,3600,60,24,0
SIM-0118,2026-01,Prendas,Tienda,2,0,12000,0,12000,4800,0,7200,60,24,0
SIM-0119,2026-01,Prendas,Tienda,1,0,6000,1800,4200,2400,0,1800,60,24,30
SIM-0120,2026-01,Prendas,Tienda,1,0,6000,0,6000,2400,0,3600,60,24,0
SIM-0121,2026-01,Calzado,Online,2,0,18000,5400,12600,8400,0,4200,90,42,30
SIM-0122,2026-01,Calzado,Tienda,1,0,9000,2700,6300,4200,0,2100,90,42,30
SIM-0123,2026-01,Prendas,Tienda,2,0,12000,1200,10800,4800,0,6000,60,24,10
SIM-0124,2026-01,Prendas,Online,1,0,6000,0,6000,2400,0,3600,60,24,0
SIM-0125,2026-01,Prendas,Tienda,1,0,6000,1200,4800,2400,0,2400,60,24,20
SIM-0126,2026-01,Prendas,Online,1,0,6000,0,6000,2400,0,3600,60,24,0
SIM-0127,2026-01,Prendas,Tienda,1,0,6000,0,6000,2400,0,3600,60,24,0
SIM-0128,2026-01,Calzado,Online,3,2,27000,2700,8100,4200,1200,2700,90,42,10
SIM-0129,2026-01,Calzado,Tienda,2,0,18000,0,18000,8400,0,9600,90,42,0
SIM-0130,2026-01,Prendas,Tienda,2,0,12000,1200,10800,4800,0,6000,60,24,10
SIM-0131,2026-01,Prendas,Online,1,0,6000,600,5400,2400,0,3000,60,24,10
SIM-0132,2026-01,Accesorios,Tienda,1,0,3000,0,3000,900,0,2100,30,9,0
SIM-0133,2026-01,Calzado,Online,3,1,27000,2700,16200,8400,600,7200,90,42,10
SIM-0134,2026-01,Calzado,Tienda,1,0,9000,2700,6300,4200,0,2100,90,42,30
SIM-0135,2026-01,Calzado,Tienda,1,0,9000,0,9000,4200,0,4800,90,42,0
SIM-0136,2026-01,Calzado,Tienda,1,0,9000,0,9000,4200,0,4800,90,42,0
SIM-0137,2026-01,Accesorios,Tienda,1,0,3000,900,2100,900,0,1200,30,9,30
SIM-0138,2026-01,Prendas,Tienda,1,0,6000,600,5400,2400,0,3000,60,24,10
SIM-0139,2026-01,Accesorios,Tienda,1,0,3000,300,2700,900,0,1800,30,9,10
SIM-0140,2026-01,Calzado,Tienda,1,0,9000,900,8100,4200,0,3900,90,42,10
SIM-0141,2026-01,Calzado,Tienda,1,0,9000,900,8100,4200,0,3900,90,42,10
SIM-0142,2026-01,Prendas,Tienda,1,0,6000,0,6000,2400,0,3600,60,24,0
SIM-0143,2026-01,Calzado,Online,1,1,9000,1800,0,0,600,-600,90,42,20
SIM-0144,2026-01,Prendas,Online,1,0,6000,1800,4200,2400,0,1800,60,24,30
SIM-0145,2026-01,Prendas,Tienda,1,0,6000,0,6000,2400,0,3600,60,24,0
SIM-0146,2026-01,Accesorios,Online,1,0,3000,300,2700,900,0,1800,30,9,10
SIM-0147,2026-01,Prendas,Online,1,0,6000,1200,4800,2400,0,2400,60,24,20
SIM-0148,2026-01,Prendas,Tienda,1,0,6000,1800,4200,2400,0,1800,60,24,30
SIM-0149,2026-01,Calzado,Tienda,3,0,27000,5400,21600,12600,0,9000,90,42,20
SIM-0150,2026-01,Prendas,Online,1,0,6000,1800,4200,2400,0,1800,60,24,30
SIM-0151,2026-01,Accesorios,Online,1,0,3000,300,2700,900,0,1800,30,9,10
SIM-0152,2026-01,Prendas,Online,1,0,6000,600,5400,2400,0,3000,60,24,10
SIM-0153,2026-01,Calzado,Tienda,1,0,9000,900,8100,4200,0,3900,90,42,10
SIM-0154,2026-01,Calzado,Online,1,1,9000,900,0,0,600,-600,90,42,10
SIM-0155,2026-01,Calzado,Online,1,1,9000,0,0,0,600,-600,90,42,0
SIM-0156,2026-01,Prendas,Tienda,2,0,12000,0,12000,4800,0,7200,60,24,0
SIM-0157,2026-01,Prendas,Tienda,1,0,6000,1200,4800,2400,0,2400,60,24,20
SIM-0158,2026-01,Accesorios,Tienda,2,0,6000,1200,4800,1800,0,3000,30,9,20
SIM-0159,2026-01,Accesorios,Tienda,3,0,9000,0,9000,2700,0,6300,30,9,0
SIM-0160,2026-01,Prendas,Online,3,0,18000,0,18000,7200,0,10800,60,24,0
SIM-0161,2026-01,Accesorios,Online,2,0,6000,0,6000,1800,0,4200,30,9,0
SIM-0162,2026-01,Accesorios,Tienda,3,0,9000,1800,7200,2700,0,4500,30,9,20
SIM-0163,2026-01,Calzado,Tienda,1,0,9000,900,8100,4200,0,3900,90,42,10
SIM-0164,2026-01,Calzado,Tienda,3,0,27000,5400,21600,12600,0,9000,90,42,20
SIM-0165,2026-01,Calzado,Tienda,1,0,9000,0,9000,4200,0,4800,90,42,0
SIM-0166,2026-01,Accesorios,Online,1,0,3000,300,2700,900,0,1800,30,9,10
SIM-0167,2026-01,Prendas,Online,2,1,12000,0,6000,2400,600,3000,60,24,0
SIM-0168,2026-01,Accesorios,Tienda,2,0,6000,0,6000,1800,0,4200,30,9,0
SIM-0169,2026-01,Prendas,Tienda,1,0,6000,0,6000,2400,0,3600,60,24,0
SIM-0170,2026-01,Prendas,Tienda,1,0,6000,0,6000,2400,0,3600,60,24,0
SIM-0171,2026-01,Prendas,Online,1,0,6000,600,5400,2400,0,3000,60,24,10
SIM-0172,2026-01,Prendas,Online,2,1,12000,3600,4200,2400,600,1200,60,24,30
SIM-0173,2026-01,Prendas,Tienda,1,0,6000,600,5400,2400,0,3000,60,24,10
SIM-0174,2026-01,Accesorios,Online,2,0,6000,0,6000,1800,0,4200,30,9,0
SIM-0175,2026-01,Prendas,Online,1,1,6000,0,0,0,600,-600,60,24,0
SIM-0176,2026-01,Calzado,Online,3,0,27000,0,27000,12600,0,14400,90,42,0
SIM-0177,2026-01,Prendas,Tienda,3,0,18000,0,18000,7200,0,10800,60,24,0
SIM-0178,2026-01,Accesorios,Online,1,0,3000,300,2700,900,0,1800,30,9,10
SIM-0179,2026-01,Accesorios,Online,1,0,3000,0,3000,900,0,2100,30,9,0
SIM-0180,2026-01,Accesorios,Tienda,1,0,3000,0,3000,900,0,2100,30,9,0
SIM-0181,2026-01,Prendas,Tienda,1,0,6000,0,6000,2400,0,3600,60,24,0
SIM-0182,2026-01,Prendas,Tienda,2,0,12000,2400,9600,4800,0,4800,60,24,20
SIM-0183,2026-01,Prendas,Online,1,1,6000,0,0,0,600,-600,60,24,0
SIM-0184,2026-01,Calzado,Online,2,0,18000,0,18000,8400,0,9600,90,42,0
SIM-0185,2026-01,Calzado,Online,1,0,9000,1800,7200,4200,0,3000,90,42,20
SIM-0186,2026-01,Accesorios,Online,1,0,3000,900,2100,900,0,1200,30,9,30
SIM-0187,2026-01,Calzado,Tienda,1,0,9000,0,9000,4200,0,4800,90,42,0
SIM-0188,2026-01,Calzado,Online,1,0,9000,1800,7200,4200,0,3000,90,42,20
SIM-0189,2026-01,Calzado,Tienda,2,0,18000,1800,16200,8400,0,7800,90,42,10
SIM-0190,2026-01,Calzado,Tienda,2,0,18000,1800,16200,8400,0,7800,90,42,10
SIM-0191,2026-01,Prendas,Online,1,0,6000,600,5400,2400,0,3000,60,24,10
SIM-0192,2026-01,Calzado,Tienda,1,0,9000,1800,7200,4200,0,3000,90,42,20
SIM-0193,2026-01,Prendas,Tienda,1,0,6000,0,6000,2400,0,3600,60,24,0
SIM-0194,2026-01,Calzado,Tienda,1,0,9000,900,8100,4200,0,3900,90,42,10
SIM-0195,2026-01,Prendas,Online,1,0,6000,600,5400,2400,0,3000,60,24,10
SIM-0196,2026-01,Prendas,Online,1,0,6000,0,6000,2400,0,3600,60,24,0
SIM-0197,2026-01,Calzado,Online,1,1,9000,0,0,0,600,-600,90,42,0
SIM-0198,2026-01,Prendas,Tienda,1,0,6000,0,6000,2400,0,3600,60,24,0
SIM-0199,2026-01,Accesorios,Online,1,0,3000,900,2100,900,0,1200,30,9,30
SIM-0200,2026-01,Prendas,Online,1,0,6000,0,6000,2400,0,3600,60,24,0
SIM-0201,2026-02,Calzado,Online,2,0,18000,0,18000,8400,0,9600,90,42,0
SIM-0202,2026-02,Calzado,Online,1,0,9000,0,9000,4200,0,4800,90,42,0
SIM-0203,2026-02,Accesorios,Online,2,0,6000,1800,4200,1800,0,2400,30,9,30
SIM-0204,2026-02,Prendas,Tienda,1,0,6000,1200,4800,2400,0,2400,60,24,20
SIM-0205,2026-02,Prendas,Tienda,1,0,6000,0,6000,2400,0,3600,60,24,0
SIM-0206,2026-02,Calzado,Tienda,2,0,18000,1800,16200,8400,0,7800,90,42,10
SIM-0207,2026-02,Calzado,Online,2,1,18000,3600,7200,4200,600,2400,90,42,20
SIM-0208,2026-02,Prendas,Tienda,1,0,6000,1800,4200,2400,0,1800,60,24,30
SIM-0209,2026-02,Accesorios,Tienda,1,0,3000,600,2400,900,0,1500,30,9,20
SIM-0210,2026-02,Calzado,Online,1,0,9000,0,9000,4200,0,4800,90,42,0
SIM-0211,2026-02,Calzado,Tienda,1,0,9000,900,8100,4200,0,3900,90,42,10
SIM-0212,2026-02,Prendas,Online,3,0,18000,1800,16200,7200,0,9000,60,24,10
SIM-0213,2026-02,Prendas,Online,1,0,6000,0,6000,2400,0,3600,60,24,0
SIM-0214,2026-02,Prendas,Tienda,1,0,6000,0,6000,2400,0,3600,60,24,0
SIM-0215,2026-02,Calzado,Tienda,1,0,9000,900,8100,4200,0,3900,90,42,10
SIM-0216,2026-02,Calzado,Online,1,1,9000,0,0,0,600,-600,90,42,0
SIM-0217,2026-02,Calzado,Online,1,0,9000,0,9000,4200,0,4800,90,42,0
SIM-0218,2026-02,Calzado,Tienda,1,0,9000,2700,6300,4200,0,2100,90,42,30
SIM-0219,2026-02,Calzado,Tienda,1,0,9000,0,9000,4200,0,4800,90,42,0
SIM-0220,2026-02,Calzado,Online,1,0,9000,0,9000,4200,0,4800,90,42,0
SIM-0221,2026-02,Calzado,Online,1,1,9000,1800,0,0,600,-600,90,42,20
SIM-0222,2026-02,Prendas,Online,2,0,12000,0,12000,4800,0,7200,60,24,0
SIM-0223,2026-02,Calzado,Tienda,1,1,9000,900,0,0,200,-200,90,42,10
SIM-0224,2026-02,Prendas,Tienda,1,0,6000,1800,4200,2400,0,1800,60,24,30
SIM-0225,2026-02,Accesorios,Online,1,0,3000,0,3000,900,0,2100,30,9,0
SIM-0226,2026-02,Accesorios,Online,1,0,3000,900,2100,900,0,1200,30,9,30
SIM-0227,2026-02,Accesorios,Online,2,0,6000,0,6000,1800,0,4200,30,9,0
SIM-0228,2026-02,Accesorios,Online,1,0,3000,0,3000,900,0,2100,30,9,0
SIM-0229,2026-02,Prendas,Online,2,1,12000,1200,5400,2400,600,2400,60,24,10
SIM-0230,2026-02,Prendas,Online,1,0,6000,1200,4800,2400,0,2400,60,24,20
SIM-0231,2026-02,Accesorios,Tienda,1,0,3000,300,2700,900,0,1800,30,9,10
SIM-0232,2026-02,Calzado,Online,2,1,18000,0,9000,4200,600,4200,90,42,0
SIM-0233,2026-02,Calzado,Online,2,0,18000,0,18000,8400,0,9600,90,42,0
SIM-0234,2026-02,Prendas,Online,1,0,6000,0,6000,2400,0,3600,60,24,0
SIM-0235,2026-02,Prendas,Online,2,0,12000,2400,9600,4800,0,4800,60,24,20
SIM-0236,2026-02,Accesorios,Tienda,1,0,3000,0,3000,900,0,2100,30,9,0
SIM-0237,2026-02,Prendas,Tienda,1,0,6000,1800,4200,2400,0,1800,60,24,30
SIM-0238,2026-02,Prendas,Tienda,2,0,12000,0,12000,4800,0,7200,60,24,0
SIM-0239,2026-02,Calzado,Tienda,1,0,9000,2700,6300,4200,0,2100,90,42,30
SIM-0240,2026-02,Prendas,Online,2,0,12000,0,12000,4800,0,7200,60,24,0
SIM-0241,2026-02,Calzado,Tienda,2,0,18000,1800,16200,8400,0,7800,90,42,10
SIM-0242,2026-02,Prendas,Online,2,0,12000,0,12000,4800,0,7200,60,24,0
SIM-0243,2026-02,Prendas,Online,3,0,18000,0,18000,7200,0,10800,60,24,0
SIM-0244,2026-02,Prendas,Tienda,2,0,12000,0,12000,4800,0,7200,60,24,0
SIM-0245,2026-02,Prendas,Online,2,0,12000,2400,9600,4800,0,4800,60,24,20
SIM-0246,2026-02,Prendas,Online,1,0,6000,600,5400,2400,0,3000,60,24,10
SIM-0247,2026-02,Accesorios,Tienda,1,0,3000,900,2100,900,0,1200,30,9,30
SIM-0248,2026-02,Prendas,Online,1,0,6000,1200,4800,2400,0,2400,60,24,20
SIM-0249,2026-02,Calzado,Tienda,1,0,9000,900,8100,4200,0,3900,90,42,10
SIM-0250,2026-02,Calzado,Online,2,0,18000,3600,14400,8400,0,6000,90,42,20
SIM-0251,2026-02,Calzado,Online,3,0,27000,5400,21600,12600,0,9000,90,42,20
SIM-0252,2026-02,Accesorios,Tienda,1,0,3000,300,2700,900,0,1800,30,9,10
SIM-0253,2026-02,Accesorios,Tienda,1,0,3000,300,2700,900,0,1800,30,9,10
SIM-0254,2026-02,Accesorios,Tienda,2,0,6000,1800,4200,1800,0,2400,30,9,30
SIM-0255,2026-02,Calzado,Tienda,1,0,9000,900,8100,4200,0,3900,90,42,10
SIM-0256,2026-02,Prendas,Online,2,0,12000,0,12000,4800,0,7200,60,24,0
SIM-0257,2026-02,Accesorios,Tienda,1,0,3000,600,2400,900,0,1500,30,9,20
SIM-0258,2026-02,Accesorios,Tienda,1,0,3000,0,3000,900,0,2100,30,9,0
SIM-0259,2026-02,Prendas,Online,3,0,18000,3600,14400,7200,0,7200,60,24,20
SIM-0260,2026-02,Calzado,Tienda,1,0,9000,900,8100,4200,0,3900,90,42,10
SIM-0261,2026-02,Prendas,Online,1,0,6000,600,5400,2400,0,3000,60,24,10
SIM-0262,2026-02,Prendas,Online,1,0,6000,1800,4200,2400,0,1800,60,24,30
SIM-0263,2026-02,Prendas,Tienda,2,0,12000,1200,10800,4800,0,6000,60,24,10
SIM-0264,2026-02,Prendas,Online,1,0,6000,1800,4200,2400,0,1800,60,24,30
SIM-0265,2026-02,Prendas,Online,1,0,6000,1200,4800,2400,0,2400,60,24,20
SIM-0266,2026-02,Prendas,Tienda,2,0,12000,2400,9600,4800,0,4800,60,24,20
SIM-0267,2026-02,Prendas,Online,1,0,6000,600,5400,2400,0,3000,60,24,10
SIM-0268,2026-02,Prendas,Tienda,2,0,12000,2400,9600,4800,0,4800,60,24,20
SIM-0269,2026-02,Prendas,Tienda,3,0,18000,5400,12600,7200,0,5400,60,24,30
SIM-0270,2026-02,Prendas,Online,2,0,12000,0,12000,4800,0,7200,60,24,0
SIM-0271,2026-02,Calzado,Tienda,1,0,9000,900,8100,4200,0,3900,90,42,10
SIM-0272,2026-02,Prendas,Tienda,2,0,12000,1200,10800,4800,0,6000,60,24,10
SIM-0273,2026-02,Accesorios,Tienda,1,0,3000,300,2700,900,0,1800,30,9,10
SIM-0274,2026-02,Accesorios,Online,1,0,3000,0,3000,900,0,2100,30,9,0
SIM-0275,2026-02,Accesorios,Online,1,0,3000,300,2700,900,0,1800,30,9,10
SIM-0276,2026-02,Accesorios,Tienda,1,0,3000,300,2700,900,0,1800,30,9,10
SIM-0277,2026-02,Prendas,Tienda,1,0,6000,600,5400,2400,0,3000,60,24,10
SIM-0278,2026-02,Prendas,Tienda,2,0,12000,0,12000,4800,0,7200,60,24,0
SIM-0279,2026-02,Calzado,Tienda,1,0,9000,0,9000,4200,0,4800,90,42,0
SIM-0280,2026-02,Calzado,Online,1,0,9000,0,9000,4200,0,4800,90,42,0
SIM-0281,2026-02,Prendas,Tienda,1,0,6000,600,5400,2400,0,3000,60,24,10
SIM-0282,2026-02,Prendas,Tienda,2,0,12000,3600,8400,4800,0,3600,60,24,30
SIM-0283,2026-02,Prendas,Tienda,2,0,12000,2400,9600,4800,0,4800,60,24,20
SIM-0284,2026-02,Accesorios,Online,2,0,6000,1800,4200,1800,0,2400,30,9,30
SIM-0285,2026-02,Calzado,Tienda,3,1,27000,2700,16200,8400,200,7600,90,42,10
SIM-0286,2026-02,Prendas,Tienda,1,0,6000,0,6000,2400,0,3600,60,24,0
SIM-0287,2026-02,Calzado,Tienda,1,0,9000,0,9000,4200,0,4800,90,42,0
SIM-0288,2026-02,Accesorios,Online,2,0,6000,1800,4200,1800,0,2400,30,9,30
SIM-0289,2026-02,Prendas,Tienda,1,0,6000,0,6000,2400,0,3600,60,24,0
SIM-0290,2026-02,Calzado,Tienda,1,0,9000,1800,7200,4200,0,3000,90,42,20
SIM-0291,2026-02,Prendas,Online,1,0,6000,0,6000,2400,0,3600,60,24,0
SIM-0292,2026-02,Prendas,Tienda,1,0,6000,600,5400,2400,0,3000,60,24,10
SIM-0293,2026-02,Calzado,Online,2,0,18000,5400,12600,8400,0,4200,90,42,30
SIM-0294,2026-02,Prendas,Tienda,1,0,6000,0,6000,2400,0,3600,60,24,0
SIM-0295,2026-02,Calzado,Online,1,0,9000,900,8100,4200,0,3900,90,42,10
SIM-0296,2026-02,Prendas,Online,1,0,6000,1200,4800,2400,0,2400,60,24,20
SIM-0297,2026-02,Prendas,Online,1,0,6000,1200,4800,2400,0,2400,60,24,20
SIM-0298,2026-02,Prendas,Tienda,1,0,6000,0,6000,2400,0,3600,60,24,0
SIM-0299,2026-02,Prendas,Tienda,1,0,6000,0,6000,2400,0,3600,60,24,0
SIM-0300,2026-02,Calzado,Tienda,1,0,9000,2700,6300,4200,0,2100,90,42,30
SIM-0301,2026-02,Calzado,Online,2,0,18000,3600,14400,8400,0,6000,90,42,20
SIM-0302,2026-02,Accesorios,Tienda,1,0,3000,300,2700,900,0,1800,30,9,10
SIM-0303,2026-02,Calzado,Tienda,1,0,9000,1800,7200,4200,0,3000,90,42,20
SIM-0304,2026-02,Prendas,Online,1,0,6000,0,6000,2400,0,3600,60,24,0
SIM-0305,2026-02,Accesorios,Online,1,0,3000,0,3000,900,0,2100,30,9,0
SIM-0306,2026-02,Prendas,Online,2,0,12000,0,12000,4800,0,7200,60,24,0
SIM-0307,2026-02,Prendas,Tienda,1,0,6000,0,6000,2400,0,3600,60,24,0
SIM-0308,2026-02,Prendas,Tienda,1,0,6000,0,6000,2400,0,3600,60,24,0
SIM-0309,2026-02,Calzado,Tienda,1,0,9000,2700,6300,4200,0,2100,90,42,30
SIM-0310,2026-02,Prendas,Tienda,1,0,6000,600,5400,2400,0,3000,60,24,10
SIM-0311,2026-02,Calzado,Online,1,0,9000,900,8100,4200,0,3900,90,42,10
SIM-0312,2026-02,Prendas,Tienda,1,0,6000,1200,4800,2400,0,2400,60,24,20
SIM-0313,2026-02,Calzado,Online,1,0,9000,900,8100,4200,0,3900,90,42,10
SIM-0314,2026-02,Calzado,Tienda,1,0,9000,0,9000,4200,0,4800,90,42,0
SIM-0315,2026-02,Prendas,Tienda,3,0,18000,5400,12600,7200,0,5400,60,24,30
SIM-0316,2026-02,Prendas,Online,1,0,6000,0,6000,2400,0,3600,60,24,0
SIM-0317,2026-02,Calzado,Online,3,1,27000,8100,12600,8400,600,3600,90,42,30
SIM-0318,2026-02,Prendas,Tienda,1,0,6000,0,6000,2400,0,3600,60,24,0
SIM-0319,2026-02,Prendas,Tienda,3,0,18000,5400,12600,7200,0,5400,60,24,30
SIM-0320,2026-02,Prendas,Tienda,1,0,6000,0,6000,2400,0,3600,60,24,0
SIM-0321,2026-02,Prendas,Tienda,1,0,6000,0,6000,2400,0,3600,60,24,0
SIM-0322,2026-02,Accesorios,Tienda,1,0,3000,300,2700,900,0,1800,30,9,10
SIM-0323,2026-02,Prendas,Online,1,0,6000,600,5400,2400,0,3000,60,24,10
SIM-0324,2026-02,Prendas,Tienda,1,0,6000,1800,4200,2400,0,1800,60,24,30
SIM-0325,2026-02,Prendas,Tienda,1,0,6000,0,6000,2400,0,3600,60,24,0
SIM-0326,2026-02,Prendas,Online,1,0,6000,600,5400,2400,0,3000,60,24,10
SIM-0327,2026-02,Accesorios,Online,2,0,6000,0,6000,1800,0,4200,30,9,0
SIM-0328,2026-02,Calzado,Tienda,1,0,9000,900,8100,4200,0,3900,90,42,10
SIM-0329,2026-02,Prendas,Online,1,0,6000,1800,4200,2400,0,1800,60,24,30
SIM-0330,2026-02,Prendas,Tienda,1,0,6000,600,5400,2400,0,3000,60,24,10
SIM-0331,2026-02,Accesorios,Tienda,2,0,6000,1200,4800,1800,0,3000,30,9,20
SIM-0332,2026-02,Calzado,Online,1,0,9000,900,8100,4200,0,3900,90,42,10
SIM-0333,2026-02,Calzado,Tienda,2,0,18000,1800,16200,8400,0,7800,90,42,10
SIM-0334,2026-02,Prendas,Online,1,0,6000,0,6000,2400,0,3600,60,24,0
SIM-0335,2026-02,Calzado,Online,3,0,27000,5400,21600,12600,0,9000,90,42,20
SIM-0336,2026-02,Prendas,Online,2,0,12000,0,12000,4800,0,7200,60,24,0
SIM-0337,2026-02,Calzado,Online,1,0,9000,900,8100,4200,0,3900,90,42,10
SIM-0338,2026-02,Accesorios,Tienda,1,1,3000,0,0,0,200,-200,30,9,0
SIM-0339,2026-02,Prendas,Online,1,0,6000,0,6000,2400,0,3600,60,24,0
SIM-0340,2026-02,Calzado,Tienda,1,0,9000,1800,7200,4200,0,3000,90,42,20
SIM-0341,2026-02,Prendas,Tienda,1,1,6000,1200,0,0,200,-200,60,24,20
SIM-0342,2026-02,Calzado,Online,1,0,9000,0,9000,4200,0,4800,90,42,0
SIM-0343,2026-02,Prendas,Online,1,0,6000,0,6000,2400,0,3600,60,24,0
SIM-0344,2026-02,Prendas,Online,1,1,6000,0,0,0,600,-600,60,24,0
SIM-0345,2026-02,Accesorios,Online,2,0,6000,0,6000,1800,0,4200,30,9,0
SIM-0346,2026-02,Calzado,Tienda,1,0,9000,0,9000,4200,0,4800,90,42,0
SIM-0347,2026-02,Calzado,Tienda,1,0,9000,900,8100,4200,0,3900,90,42,10
SIM-0348,2026-02,Prendas,Online,3,1,18000,5400,8400,4800,600,3000,60,24,30
SIM-0349,2026-02,Prendas,Tienda,1,0,6000,1800,4200,2400,0,1800,60,24,30
SIM-0350,2026-02,Prendas,Tienda,1,0,6000,0,6000,2400,0,3600,60,24,0
SIM-0351,2026-02,Calzado,Online,1,0,9000,2700,6300,4200,0,2100,90,42,30
SIM-0352,2026-02,Prendas,Online,1,0,6000,600,5400,2400,0,3000,60,24,10
SIM-0353,2026-02,Calzado,Online,1,0,9000,0,9000,4200,0,4800,90,42,0
SIM-0354,2026-02,Accesorios,Online,1,0,3000,0,3000,900,0,2100,30,9,0
SIM-0355,2026-02,Prendas,Online,1,1,6000,0,0,0,600,-600,60,24,0
SIM-0356,2026-02,Calzado,Online,1,0,9000,0,9000,4200,0,4800,90,42,0
SIM-0357,2026-02,Prendas,Online,1,0,6000,1800,4200,2400,0,1800,60,24,30
SIM-0358,2026-02,Calzado,Online,1,1,9000,0,0,0,600,-600,90,42,0
SIM-0359,2026-02,Prendas,Online,1,0,6000,1800,4200,2400,0,1800,60,24,30
SIM-0360,2026-02,Prendas,Tienda,2,0,12000,0,12000,4800,0,7200,60,24,0
SIM-0361,2026-02,Prendas,Tienda,2,1,12000,2400,4800,2400,200,2200,60,24,20
SIM-0362,2026-02,Prendas,Tienda,1,0,6000,1800,4200,2400,0,1800,60,24,30
SIM-0363,2026-02,Prendas,Tienda,1,0,6000,0,6000,2400,0,3600,60,24,0
SIM-0364,2026-02,Accesorios,Tienda,1,0,3000,600,2400,900,0,1500,30,9,20
SIM-0365,2026-02,Accesorios,Online,1,0,3000,600,2400,900,0,1500,30,9,20
SIM-0366,2026-02,Prendas,Tienda,1,0,6000,1800,4200,2400,0,1800,60,24,30
SIM-0367,2026-02,Calzado,Tienda,3,0,27000,0,27000,12600,0,14400,90,42,0
SIM-0368,2026-02,Calzado,Tienda,1,0,9000,0,9000,4200,0,4800,90,42,0
SIM-0369,2026-02,Prendas,Tienda,3,0,18000,0,18000,7200,0,10800,60,24,0
SIM-0370,2026-02,Accesorios,Tienda,1,0,3000,0,3000,900,0,2100,30,9,0
SIM-0371,2026-02,Prendas,Tienda,1,0,6000,0,6000,2400,0,3600,60,24,0
SIM-0372,2026-02,Prendas,Online,1,0,6000,600,5400,2400,0,3000,60,24,10
SIM-0373,2026-02,Prendas,Tienda,1,0,6000,1800,4200,2400,0,1800,60,24,30
SIM-0374,2026-02,Calzado,Online,2,0,18000,5400,12600,8400,0,4200,90,42,30
SIM-0375,2026-02,Calzado,Online,1,0,9000,900,8100,4200,0,3900,90,42,10
SIM-0376,2026-02,Calzado,Online,1,0,9000,0,9000,4200,0,4800,90,42,0
SIM-0377,2026-02,Prendas,Online,2,0,12000,0,12000,4800,0,7200,60,24,0
SIM-0378,2026-02,Accesorios,Tienda,1,0,3000,300,2700,900,0,1800,30,9,10
SIM-0379,2026-02,Calzado,Online,1,0,9000,2700,6300,4200,0,2100,90,42,30
SIM-0380,2026-02,Prendas,Online,1,0,6000,600,5400,2400,0,3000,60,24,10
SIM-0381,2026-02,Prendas,Tienda,1,0,6000,1800,4200,2400,0,1800,60,24,30
SIM-0382,2026-02,Prendas,Tienda,1,0,6000,1200,4800,2400,0,2400,60,24,20
SIM-0383,2026-02,Accesorios,Tienda,1,0,3000,300,2700,900,0,1800,30,9,10
SIM-0384,2026-02,Calzado,Online,1,1,9000,900,0,0,600,-600,90,42,10
SIM-0385,2026-02,Prendas,Tienda,1,0,6000,1200,4800,2400,0,2400,60,24,20
SIM-0386,2026-02,Prendas,Online,3,0,18000,1800,16200,7200,0,9000,60,24,10
SIM-0387,2026-02,Prendas,Tienda,1,0,6000,0,6000,2400,0,3600,60,24,0
SIM-0388,2026-02,Accesorios,Online,1,0,3000,0,3000,900,0,2100,30,9,0
SIM-0389,2026-02,Calzado,Online,1,0,9000,0,9000,4200,0,4800,90,42,0
SIM-0390,2026-02,Prendas,Online,1,0,6000,1800,4200,2400,0,1800,60,24,30
SIM-0391,2026-02,Prendas,Tienda,1,0,6000,1200,4800,2400,0,2400,60,24,20
SIM-0392,2026-02,Calzado,Online,1,0,9000,2700,6300,4200,0,2100,90,42,30
SIM-0393,2026-02,Prendas,Tienda,1,1,6000,0,0,0,200,-200,60,24,0
SIM-0394,2026-02,Accesorios,Online,1,0,3000,0,3000,900,0,2100,30,9,0
SIM-0395,2026-02,Prendas,Tienda,3,0,18000,0,18000,7200,0,10800,60,24,0
SIM-0396,2026-02,Accesorios,Online,2,0,6000,0,6000,1800,0,4200,30,9,0
SIM-0397,2026-02,Prendas,Online,1,0,6000,1800,4200,2400,0,1800,60,24,30
SIM-0398,2026-02,Prendas,Tienda,1,0,6000,0,6000,2400,0,3600,60,24,0
SIM-0399,2026-02,Calzado,Online,1,0,9000,2700,6300,4200,0,2100,90,42,30
SIM-0400,2026-02,Calzado,Online,1,0,9000,900,8100,4200,0,3900,90,42,10
SIM-0401,2026-02,Prendas,Online,1,1,6000,0,0,0,600,-600,60,24,0
SIM-0402,2026-02,Calzado,Tienda,2,0,18000,3600,14400,8400,0,6000,90,42,20
SIM-0403,2026-02,Prendas,Tienda,1,0,6000,600,5400,2400,0,3000,60,24,10
SIM-0404,2026-02,Prendas,Online,2,0,12000,0,12000,4800,0,7200,60,24,0
SIM-0405,2026-02,Prendas,Tienda,1,0,6000,1200,4800,2400,0,2400,60,24,20
SIM-0406,2026-02,Accesorios,Tienda,2,0,6000,1200,4800,1800,0,3000,30,9,20
SIM-0407,2026-02,Accesorios,Online,1,0,3000,900,2100,900,0,1200,30,9,30
SIM-0408,2026-02,Calzado,Tienda,1,0,9000,1800,7200,4200,0,3000,90,42,20
SIM-0409,2026-02,Calzado,Tienda,1,0,9000,0,9000,4200,0,4800,90,42,0
SIM-0410,2026-02,Prendas,Online,1,0,6000,1800,4200,2400,0,1800,60,24,30
SIM-0411,2026-02,Calzado,Tienda,3,0,27000,2700,24300,12600,0,11700,90,42,10
SIM-0412,2026-02,Prendas,Online,1,0,6000,0,6000,2400,0,3600,60,24,0
SIM-0413,2026-02,Prendas,Tienda,3,0,18000,3600,14400,7200,0,7200,60,24,20
SIM-0414,2026-02,Prendas,Online,1,0,6000,1800,4200,2400,0,1800,60,24,30
SIM-0415,2026-02,Calzado,Tienda,1,0,9000,900,8100,4200,0,3900,90,42,10
SIM-0416,2026-02,Prendas,Online,3,0,18000,3600,14400,7200,0,7200,60,24,20
SIM-0417,2026-02,Prendas,Tienda,2,0,12000,1200,10800,4800,0,6000,60,24,10
SIM-0418,2026-02,Accesorios,Online,1,0,3000,900,2100,900,0,1200,30,9,30
SIM-0419,2026-02,Calzado,Tienda,1,0,9000,0,9000,4200,0,4800,90,42,0
SIM-0420,2026-02,Prendas,Tienda,1,0,6000,1800,4200,2400,0,1800,60,24,30
SIM-0421,2026-03,Accesorios,Tienda,1,0,3000,300,2700,900,0,1800,30,9,10
SIM-0422,2026-03,Calzado,Tienda,2,0,18000,0,18000,8400,0,9600,90,42,0
SIM-0423,2026-03,Accesorios,Tienda,1,0,3000,600,2400,900,0,1500,30,9,20
SIM-0424,2026-03,Prendas,Tienda,1,0,6000,0,6000,2400,0,3600,60,24,0
SIM-0425,2026-03,Calzado,Online,1,1,9000,900,0,0,600,-600,90,42,10
SIM-0426,2026-03,Calzado,Online,1,0,9000,1800,7200,4200,0,3000,90,42,20
SIM-0427,2026-03,Prendas,Tienda,1,0,6000,600,5400,2400,0,3000,60,24,10
SIM-0428,2026-03,Calzado,Tienda,1,0,9000,900,8100,4200,0,3900,90,42,10
SIM-0429,2026-03,Prendas,Online,2,0,12000,3600,8400,4800,0,3600,60,24,30
SIM-0430,2026-03,Prendas,Tienda,1,0,6000,1200,4800,2400,0,2400,60,24,20
SIM-0431,2026-03,Prendas,Tienda,1,0,6000,1200,4800,2400,0,2400,60,24,20
SIM-0432,2026-03,Accesorios,Tienda,2,0,6000,600,5400,1800,0,3600,30,9,10
SIM-0433,2026-03,Prendas,Online,1,0,6000,0,6000,2400,0,3600,60,24,0
SIM-0434,2026-03,Calzado,Tienda,1,0,9000,0,9000,4200,0,4800,90,42,0
SIM-0435,2026-03,Accesorios,Online,1,0,3000,300,2700,900,0,1800,30,9,10
SIM-0436,2026-03,Prendas,Tienda,3,0,18000,0,18000,7200,0,10800,60,24,0
SIM-0437,2026-03,Calzado,Tienda,2,0,18000,1800,16200,8400,0,7800,90,42,10
SIM-0438,2026-03,Accesorios,Online,1,0,3000,300,2700,900,0,1800,30,9,10
SIM-0439,2026-03,Accesorios,Online,1,0,3000,900,2100,900,0,1200,30,9,30
SIM-0440,2026-03,Prendas,Online,2,0,12000,3600,8400,4800,0,3600,60,24,30
SIM-0441,2026-03,Prendas,Online,1,0,6000,0,6000,2400,0,3600,60,24,0
SIM-0442,2026-03,Calzado,Online,1,0,9000,1800,7200,4200,0,3000,90,42,20
SIM-0443,2026-03,Calzado,Tienda,1,0,9000,0,9000,4200,0,4800,90,42,0
SIM-0444,2026-03,Calzado,Tienda,1,0,9000,0,9000,4200,0,4800,90,42,0
SIM-0445,2026-03,Calzado,Online,1,0,9000,0,9000,4200,0,4800,90,42,0
SIM-0446,2026-03,Calzado,Online,1,0,9000,2700,6300,4200,0,2100,90,42,30
SIM-0447,2026-03,Calzado,Tienda,1,0,9000,900,8100,4200,0,3900,90,42,10
SIM-0448,2026-03,Accesorios,Online,1,0,3000,0,3000,900,0,2100,30,9,0
SIM-0449,2026-03,Prendas,Online,1,0,6000,0,6000,2400,0,3600,60,24,0
SIM-0450,2026-03,Calzado,Online,1,0,9000,0,9000,4200,0,4800,90,42,0
SIM-0451,2026-03,Accesorios,Online,1,0,3000,300,2700,900,0,1800,30,9,10
SIM-0452,2026-03,Prendas,Tienda,1,0,6000,1200,4800,2400,0,2400,60,24,20
SIM-0453,2026-03,Calzado,Online,3,1,27000,2700,16200,8400,600,7200,90,42,10
SIM-0454,2026-03,Accesorios,Tienda,1,0,3000,600,2400,900,0,1500,30,9,20
SIM-0455,2026-03,Accesorios,Online,2,0,6000,1800,4200,1800,0,2400,30,9,30
SIM-0456,2026-03,Calzado,Online,1,0,9000,900,8100,4200,0,3900,90,42,10
SIM-0457,2026-03,Prendas,Online,1,0,6000,1800,4200,2400,0,1800,60,24,30
SIM-0458,2026-03,Prendas,Tienda,1,0,6000,1800,4200,2400,0,1800,60,24,30
SIM-0459,2026-03,Prendas,Online,2,0,12000,2400,9600,4800,0,4800,60,24,20
SIM-0460,2026-03,Prendas,Online,1,0,6000,1200,4800,2400,0,2400,60,24,20
SIM-0461,2026-03,Calzado,Online,2,0,18000,1800,16200,8400,0,7800,90,42,10
SIM-0462,2026-03,Prendas,Tienda,1,0,6000,0,6000,2400,0,3600,60,24,0
SIM-0463,2026-03,Calzado,Online,1,0,9000,1800,7200,4200,0,3000,90,42,20
SIM-0464,2026-03,Accesorios,Online,1,0,3000,0,3000,900,0,2100,30,9,0
SIM-0465,2026-03,Prendas,Tienda,2,0,12000,0,12000,4800,0,7200,60,24,0
SIM-0466,2026-03,Prendas,Tienda,1,0,6000,1800,4200,2400,0,1800,60,24,30
SIM-0467,2026-03,Calzado,Tienda,1,0,9000,0,9000,4200,0,4800,90,42,0
SIM-0468,2026-03,Accesorios,Tienda,1,0,3000,0,3000,900,0,2100,30,9,0
SIM-0469,2026-03,Accesorios,Tienda,3,0,9000,0,9000,2700,0,6300,30,9,0
SIM-0470,2026-03,Prendas,Tienda,1,0,6000,600,5400,2400,0,3000,60,24,10
SIM-0471,2026-03,Accesorios,Tienda,1,0,3000,600,2400,900,0,1500,30,9,20
SIM-0472,2026-03,Prendas,Tienda,1,1,6000,0,0,0,200,-200,60,24,0
SIM-0473,2026-03,Calzado,Online,3,0,27000,2700,24300,12600,0,11700,90,42,10
SIM-0474,2026-03,Calzado,Tienda,2,0,18000,1800,16200,8400,0,7800,90,42,10
SIM-0475,2026-03,Prendas,Tienda,1,0,6000,600,5400,2400,0,3000,60,24,10
SIM-0476,2026-03,Accesorios,Online,1,0,3000,300,2700,900,0,1800,30,9,10
SIM-0477,2026-03,Calzado,Online,1,0,9000,900,8100,4200,0,3900,90,42,10
SIM-0478,2026-03,Calzado,Online,1,0,9000,900,8100,4200,0,3900,90,42,10
SIM-0479,2026-03,Prendas,Online,1,0,6000,600,5400,2400,0,3000,60,24,10
SIM-0480,2026-03,Prendas,Tienda,1,0,6000,1200,4800,2400,0,2400,60,24,20
SIM-0481,2026-03,Prendas,Tienda,1,0,6000,1200,4800,2400,0,2400,60,24,20
SIM-0482,2026-03,Accesorios,Online,2,0,6000,0,6000,1800,0,4200,30,9,0
SIM-0483,2026-03,Accesorios,Tienda,1,0,3000,300,2700,900,0,1800,30,9,10
SIM-0484,2026-03,Prendas,Online,1,0,6000,0,6000,2400,0,3600,60,24,0
SIM-0485,2026-03,Prendas,Tienda,1,0,6000,600,5400,2400,0,3000,60,24,10
SIM-0486,2026-03,Prendas,Online,1,0,6000,1800,4200,2400,0,1800,60,24,30
SIM-0487,2026-03,Prendas,Online,2,0,12000,2400,9600,4800,0,4800,60,24,20
SIM-0488,2026-03,Calzado,Tienda,2,0,18000,0,18000,8400,0,9600,90,42,0
SIM-0489,2026-03,Calzado,Online,1,0,9000,1800,7200,4200,0,3000,90,42,20
SIM-0490,2026-03,Calzado,Online,2,1,18000,0,9000,4200,600,4200,90,42,0
SIM-0491,2026-03,Accesorios,Tienda,1,0,3000,300,2700,900,0,1800,30,9,10
SIM-0492,2026-03,Calzado,Online,1,0,9000,900,8100,4200,0,3900,90,42,10
SIM-0493,2026-03,Calzado,Tienda,2,0,18000,1800,16200,8400,0,7800,90,42,10
SIM-0494,2026-03,Accesorios,Tienda,1,0,3000,900,2100,900,0,1200,30,9,30
SIM-0495,2026-03,Prendas,Tienda,1,0,6000,600,5400,2400,0,3000,60,24,10
SIM-0496,2026-03,Accesorios,Online,1,0,3000,300,2700,900,0,1800,30,9,10
SIM-0497,2026-03,Prendas,Online,1,0,6000,0,6000,2400,0,3600,60,24,0
SIM-0498,2026-03,Accesorios,Tienda,1,0,3000,0,3000,900,0,2100,30,9,0
SIM-0499,2026-03,Prendas,Tienda,1,0,6000,600,5400,2400,0,3000,60,24,10
SIM-0500,2026-03,Calzado,Online,1,0,9000,900,8100,4200,0,3900,90,42,10
SIM-0501,2026-03,Calzado,Online,1,0,9000,900,8100,4200,0,3900,90,42,10
SIM-0502,2026-03,Calzado,Tienda,3,0,27000,5400,21600,12600,0,9000,90,42,20
SIM-0503,2026-03,Calzado,Tienda,1,0,9000,900,8100,4200,0,3900,90,42,10
SIM-0504,2026-03,Calzado,Online,1,0,9000,900,8100,4200,0,3900,90,42,10
SIM-0505,2026-03,Accesorios,Online,1,0,3000,600,2400,900,0,1500,30,9,20
SIM-0506,2026-03,Prendas,Tienda,2,0,12000,1200,10800,4800,0,6000,60,24,10
SIM-0507,2026-03,Prendas,Tienda,2,0,12000,0,12000,4800,0,7200,60,24,0
SIM-0508,2026-03,Calzado,Online,1,0,9000,900,8100,4200,0,3900,90,42,10
SIM-0509,2026-03,Calzado,Tienda,1,0,9000,0,9000,4200,0,4800,90,42,0
SIM-0510,2026-03,Prendas,Tienda,2,0,12000,2400,9600,4800,0,4800,60,24,20
SIM-0511,2026-03,Accesorios,Tienda,1,0,3000,0,3000,900,0,2100,30,9,0
SIM-0512,2026-03,Calzado,Tienda,3,0,27000,8100,18900,12600,0,6300,90,42,30
SIM-0513,2026-03,Calzado,Tienda,1,0,9000,0,9000,4200,0,4800,90,42,0
SIM-0514,2026-03,Prendas,Tienda,1,0,6000,1200,4800,2400,0,2400,60,24,20
SIM-0515,2026-03,Accesorios,Online,2,0,6000,600,5400,1800,0,3600,30,9,10
SIM-0516,2026-03,Calzado,Tienda,2,0,18000,3600,14400,8400,0,6000,90,42,20
SIM-0517,2026-03,Calzado,Tienda,1,0,9000,0,9000,4200,0,4800,90,42,0
SIM-0518,2026-03,Calzado,Online,1,1,9000,2700,0,0,600,-600,90,42,30
SIM-0519,2026-03,Prendas,Online,1,0,6000,0,6000,2400,0,3600,60,24,0
SIM-0520,2026-03,Calzado,Tienda,3,0,27000,0,27000,12600,0,14400,90,42,0
SIM-0521,2026-03,Calzado,Online,1,0,9000,2700,6300,4200,0,2100,90,42,30
SIM-0522,2026-03,Prendas,Tienda,1,0,6000,1200,4800,2400,0,2400,60,24,20
SIM-0523,2026-03,Calzado,Online,1,1,9000,900,0,0,600,-600,90,42,10
SIM-0524,2026-03,Prendas,Online,1,1,6000,600,0,0,600,-600,60,24,10
SIM-0525,2026-03,Prendas,Tienda,1,0,6000,1800,4200,2400,0,1800,60,24,30
SIM-0526,2026-03,Prendas,Online,1,0,6000,0,6000,2400,0,3600,60,24,0
SIM-0527,2026-03,Prendas,Tienda,1,0,6000,0,6000,2400,0,3600,60,24,0
SIM-0528,2026-03,Accesorios,Online,1,0,3000,0,3000,900,0,2100,30,9,0
SIM-0529,2026-03,Prendas,Online,1,0,6000,0,6000,2400,0,3600,60,24,0
SIM-0530,2026-03,Prendas,Tienda,1,0,6000,1800,4200,2400,0,1800,60,24,30
SIM-0531,2026-03,Prendas,Tienda,1,0,6000,0,6000,2400,0,3600,60,24,0
SIM-0532,2026-03,Accesorios,Online,1,0,3000,900,2100,900,0,1200,30,9,30
SIM-0533,2026-03,Calzado,Tienda,1,0,9000,2700,6300,4200,0,2100,90,42,30
SIM-0534,2026-03,Calzado,Tienda,1,0,9000,900,8100,4200,0,3900,90,42,10
SIM-0535,2026-03,Calzado,Online,1,0,9000,0,9000,4200,0,4800,90,42,0
SIM-0536,2026-03,Prendas,Tienda,1,0,6000,0,6000,2400,0,3600,60,24,0
SIM-0537,2026-03,Prendas,Online,1,0,6000,600,5400,2400,0,3000,60,24,10
SIM-0538,2026-03,Accesorios,Tienda,2,0,6000,0,6000,1800,0,4200,30,9,0
SIM-0539,2026-03,Prendas,Tienda,1,0,6000,0,6000,2400,0,3600,60,24,0
SIM-0540,2026-03,Prendas,Tienda,1,0,6000,1800,4200,2400,0,1800,60,24,30
SIM-0541,2026-03,Prendas,Online,1,0,6000,0,6000,2400,0,3600,60,24,0
SIM-0542,2026-03,Calzado,Tienda,1,0,9000,1800,7200,4200,0,3000,90,42,20
SIM-0543,2026-03,Prendas,Online,1,1,6000,1800,0,0,600,-600,60,24,30
SIM-0544,2026-03,Prendas,Online,1,0,6000,1800,4200,2400,0,1800,60,24,30
SIM-0545,2026-03,Prendas,Tienda,1,0,6000,0,6000,2400,0,3600,60,24,0
SIM-0546,2026-03,Prendas,Tienda,1,0,6000,1800,4200,2400,0,1800,60,24,30
SIM-0547,2026-03,Calzado,Online,2,0,18000,1800,16200,8400,0,7800,90,42,10
SIM-0548,2026-03,Prendas,Tienda,1,0,6000,600,5400,2400,0,3000,60,24,10
SIM-0549,2026-03,Calzado,Tienda,1,0,9000,0,9000,4200,0,4800,90,42,0
SIM-0550,2026-03,Prendas,Tienda,1,0,6000,0,6000,2400,0,3600,60,24,0
SIM-0551,2026-03,Calzado,Tienda,1,0,9000,2700,6300,4200,0,2100,90,42,30
SIM-0552,2026-03,Accesorios,Online,2,0,6000,0,6000,1800,0,4200,30,9,0
SIM-0553,2026-03,Prendas,Online,1,0,6000,0,6000,2400,0,3600,60,24,0
SIM-0554,2026-03,Prendas,Tienda,1,0,6000,0,6000,2400,0,3600,60,24,0
SIM-0555,2026-03,Prendas,Tienda,2,0,12000,0,12000,4800,0,7200,60,24,0
SIM-0556,2026-03,Calzado,Tienda,1,0,9000,0,9000,4200,0,4800,90,42,0
SIM-0557,2026-03,Prendas,Online,3,0,18000,1800,16200,7200,0,9000,60,24,10
SIM-0558,2026-03,Prendas,Tienda,1,0,6000,1200,4800,2400,0,2400,60,24,20
SIM-0559,2026-03,Accesorios,Tienda,1,0,3000,600,2400,900,0,1500,30,9,20
SIM-0560,2026-03,Prendas,Tienda,1,0,6000,1200,4800,2400,0,2400,60,24,20
SIM-0561,2026-03,Calzado,Tienda,1,1,9000,0,0,0,200,-200,90,42,0
SIM-0562,2026-03,Calzado,Tienda,1,0,9000,1800,7200,4200,0,3000,90,42,20
SIM-0563,2026-03,Prendas,Online,1,0,6000,0,6000,2400,0,3600,60,24,0
SIM-0564,2026-03,Prendas,Online,1,0,6000,600,5400,2400,0,3000,60,24,10
SIM-0565,2026-03,Calzado,Tienda,1,0,9000,2700,6300,4200,0,2100,90,42,30
SIM-0566,2026-03,Prendas,Online,1,0,6000,1200,4800,2400,0,2400,60,24,20
SIM-0567,2026-03,Prendas,Online,1,0,6000,0,6000,2400,0,3600,60,24,0
SIM-0568,2026-03,Calzado,Online,2,0,18000,1800,16200,8400,0,7800,90,42,10
SIM-0569,2026-03,Accesorios,Online,1,0,3000,900,2100,900,0,1200,30,9,30
SIM-0570,2026-03,Calzado,Tienda,2,0,18000,0,18000,8400,0,9600,90,42,0
SIM-0571,2026-03,Accesorios,Tienda,1,0,3000,0,3000,900,0,2100,30,9,0
SIM-0572,2026-03,Prendas,Online,2,0,12000,1200,10800,4800,0,6000,60,24,10
SIM-0573,2026-03,Prendas,Tienda,2,0,12000,2400,9600,4800,0,4800,60,24,20
SIM-0574,2026-03,Calzado,Online,3,0,27000,8100,18900,12600,0,6300,90,42,30
SIM-0575,2026-03,Calzado,Online,1,0,9000,900,8100,4200,0,3900,90,42,10
SIM-0576,2026-03,Calzado,Online,1,0,9000,1800,7200,4200,0,3000,90,42,20
SIM-0577,2026-03,Calzado,Online,1,0,9000,2700,6300,4200,0,2100,90,42,30
SIM-0578,2026-03,Calzado,Tienda,1,0,9000,900,8100,4200,0,3900,90,42,10
SIM-0579,2026-03,Accesorios,Tienda,1,0,3000,300,2700,900,0,1800,30,9,10
SIM-0580,2026-03,Calzado,Online,1,0,9000,0,9000,4200,0,4800,90,42,0
SIM-0581,2026-03,Prendas,Tienda,1,0,6000,1800,4200,2400,0,1800,60,24,30
SIM-0582,2026-03,Prendas,Online,2,1,12000,3600,4200,2400,600,1200,60,24,30
SIM-0583,2026-03,Prendas,Tienda,2,0,12000,0,12000,4800,0,7200,60,24,0
SIM-0584,2026-03,Calzado,Tienda,1,0,9000,900,8100,4200,0,3900,90,42,10
SIM-0585,2026-03,Prendas,Tienda,1,0,6000,0,6000,2400,0,3600,60,24,0
SIM-0586,2026-03,Prendas,Tienda,2,1,12000,2400,4800,2400,200,2200,60,24,20
SIM-0587,2026-03,Calzado,Online,1,0,9000,0,9000,4200,0,4800,90,42,0
SIM-0588,2026-03,Calzado,Online,2,0,18000,3600,14400,8400,0,6000,90,42,20
SIM-0589,2026-03,Prendas,Tienda,2,0,12000,0,12000,4800,0,7200,60,24,0
SIM-0590,2026-03,Prendas,Tienda,3,0,18000,0,18000,7200,0,10800,60,24,0
SIM-0591,2026-03,Prendas,Online,1,0,6000,600,5400,2400,0,3000,60,24,10
SIM-0592,2026-03,Accesorios,Online,2,0,6000,0,6000,1800,0,4200,30,9,0
SIM-0593,2026-03,Accesorios,Tienda,3,0,9000,900,8100,2700,0,5400,30,9,10
SIM-0594,2026-03,Prendas,Tienda,1,0,6000,1800,4200,2400,0,1800,60,24,30
SIM-0595,2026-03,Accesorios,Online,1,0,3000,300,2700,900,0,1800,30,9,10
SIM-0596,2026-03,Prendas,Tienda,1,0,6000,600,5400,2400,0,3000,60,24,10
SIM-0597,2026-03,Calzado,Tienda,1,0,9000,0,9000,4200,0,4800,90,42,0
SIM-0598,2026-03,Calzado,Online,1,0,9000,2700,6300,4200,0,2100,90,42,30
SIM-0599,2026-03,Prendas,Online,1,0,6000,1800,4200,2400,0,1800,60,24,30
SIM-0600,2026-03,Calzado,Tienda,1,0,9000,0,9000,4200,0,4800,90,42,0
SIM-0601,2026-03,Calzado,Tienda,1,0,9000,0,9000,4200,0,4800,90,42,0
SIM-0602,2026-03,Accesorios,Tienda,2,0,6000,1800,4200,1800,0,2400,30,9,30
SIM-0603,2026-03,Accesorios,Online,2,0,6000,1200,4800,1800,0,3000,30,9,20
SIM-0604,2026-03,Accesorios,Tienda,2,0,6000,0,6000,1800,0,4200,30,9,0
SIM-0605,2026-03,Prendas,Online,1,0,6000,1200,4800,2400,0,2400,60,24,20
SIM-0606,2026-03,Prendas,Online,1,0,6000,0,6000,2400,0,3600,60,24,0
SIM-0607,2026-03,Accesorios,Online,1,0,3000,0,3000,900,0,2100,30,9,0
SIM-0608,2026-03,Calzado,Tienda,2,0,18000,5400,12600,8400,0,4200,90,42,30
SIM-0609,2026-03,Prendas,Tienda,1,0,6000,1800,4200,2400,0,1800,60,24,30
SIM-0610,2026-03,Prendas,Online,1,1,6000,0,0,0,600,-600,60,24,0
SIM-0611,2026-03,Prendas,Tienda,1,0,6000,600,5400,2400,0,3000,60,24,10
SIM-0612,2026-03,Calzado,Tienda,1,0,9000,900,8100,4200,0,3900,90,42,10
SIM-0613,2026-03,Accesorios,Tienda,2,1,6000,600,2700,900,200,1600,30,9,10
SIM-0614,2026-03,Calzado,Tienda,1,0,9000,2700,6300,4200,0,2100,90,42,30
SIM-0615,2026-03,Accesorios,Tienda,1,0,3000,0,3000,900,0,2100,30,9,0
SIM-0616,2026-03,Prendas,Tienda,1,0,6000,1800,4200,2400,0,1800,60,24,30
SIM-0617,2026-03,Prendas,Tienda,1,0,6000,0,6000,2400,0,3600,60,24,0
SIM-0618,2026-03,Prendas,Online,2,0,12000,3600,8400,4800,0,3600,60,24,30
SIM-0619,2026-03,Calzado,Tienda,1,0,9000,0,9000,4200,0,4800,90,42,0
SIM-0620,2026-03,Prendas,Tienda,2,0,12000,0,12000,4800,0,7200,60,24,0
SIM-0621,2026-03,Prendas,Online,1,0,6000,600,5400,2400,0,3000,60,24,10
SIM-0622,2026-03,Calzado,Online,2,2,18000,0,0,0,1200,-1200,90,42,0
SIM-0623,2026-03,Accesorios,Online,1,0,3000,600,2400,900,0,1500,30,9,20
SIM-0624,2026-03,Prendas,Online,1,0,6000,600,5400,2400,0,3000,60,24,10
SIM-0625,2026-03,Prendas,Tienda,1,0,6000,0,6000,2400,0,3600,60,24,0
SIM-0626,2026-03,Prendas,Tienda,1,0,6000,0,6000,2400,0,3600,60,24,0
SIM-0627,2026-03,Calzado,Tienda,2,0,18000,0,18000,8400,0,9600,90,42,0
SIM-0628,2026-03,Prendas,Tienda,2,0,12000,1200,10800,4800,0,6000,60,24,10
SIM-0629,2026-03,Calzado,Tienda,3,0,27000,2700,24300,12600,0,11700,90,42,10
SIM-0630,2026-03,Prendas,Online,1,0,6000,0,6000,2400,0,3600,60,24,0
SIM-0631,2026-03,Accesorios,Tienda,1,0,3000,0,3000,900,0,2100,30,9,0
SIM-0632,2026-03,Accesorios,Tienda,1,0,3000,300,2700,900,0,1800,30,9,10
SIM-0633,2026-03,Calzado,Online,1,1,9000,0,0,0,600,-600,90,42,0
SIM-0634,2026-03,Calzado,Online,1,0,9000,1800,7200,4200,0,3000,90,42,20
SIM-0635,2026-03,Prendas,Tienda,1,0,6000,0,6000,2400,0,3600,60,24,0
SIM-0636,2026-03,Accesorios,Online,1,0,3000,300,2700,900,0,1800,30,9,10
SIM-0637,2026-03,Calzado,Tienda,1,0,9000,2700,6300,4200,0,2100,90,42,30
SIM-0638,2026-03,Accesorios,Online,2,0,6000,0,6000,1800,0,4200,30,9,0
SIM-0639,2026-03,Calzado,Online,1,0,9000,0,9000,4200,0,4800,90,42,0
SIM-0640,2026-03,Prendas,Online,1,0,6000,600,5400,2400,0,3000,60,24,10
SIM-0641,2026-03,Accesorios,Tienda,2,0,6000,0,6000,1800,0,4200,30,9,0
SIM-0642,2026-03,Prendas,Online,2,1,12000,0,6000,2400,600,3000,60,24,0
SIM-0643,2026-03,Prendas,Online,2,0,12000,3600,8400,4800,0,3600,60,24,30
SIM-0644,2026-03,Prendas,Tienda,2,0,12000,1200,10800,4800,0,6000,60,24,10
SIM-0645,2026-03,Accesorios,Online,1,1,3000,0,0,0,600,-600,30,9,0
SIM-0646,2026-03,Prendas,Online,1,0,6000,1800,4200,2400,0,1800,60,24,30
SIM-0647,2026-03,Accesorios,Online,1,0,3000,600,2400,900,0,1500,30,9,20
SIM-0648,2026-03,Accesorios,Online,2,0,6000,600,5400,1800,0,3600,30,9,10
SIM-0649,2026-03,Prendas,Tienda,2,0,12000,0,12000,4800,0,7200,60,24,0
SIM-0650,2026-03,Prendas,Tienda,1,0,6000,600,5400,2400,0,3000,60,24,10
SIM-0651,2026-03,Prendas,Online,3,1,18000,0,12000,4800,600,6600,60,24,0
SIM-0652,2026-03,Calzado,Online,1,0,9000,1800,7200,4200,0,3000,90,42,20
SIM-0653,2026-03,Prendas,Online,1,0,6000,600,5400,2400,0,3000,60,24,10
SIM-0654,2026-03,Prendas,Online,1,0,6000,0,6000,2400,0,3600,60,24,0
SIM-0655,2026-03,Calzado,Tienda,1,0,9000,1800,7200,4200,0,3000,90,42,20
SIM-0656,2026-03,Prendas,Tienda,1,0,6000,0,6000,2400,0,3600,60,24,0
SIM-0657,2026-03,Accesorios,Tienda,1,0,3000,900,2100,900,0,1200,30,9,30
SIM-0658,2026-03,Prendas,Online,3,2,18000,0,6000,2400,1200,2400,60,24,0
SIM-0659,2026-03,Calzado,Tienda,1,0,9000,2700,6300,4200,0,2100,90,42,30
SIM-0660,2026-03,Prendas,Online,1,0,6000,1200,4800,2400,0,2400,60,24,20
SIM-0661,2026-04,Calzado,Tienda,1,0,9000,0,9000,4200,0,4800,90,42,0
SIM-0662,2026-04,Prendas,Online,1,1,6000,0,0,0,600,-600,60,24,0
SIM-0663,2026-04,Calzado,Tienda,2,0,18000,5400,12600,8400,0,4200,90,42,30
SIM-0664,2026-04,Prendas,Tienda,1,0,6000,0,6000,2400,0,3600,60,24,0
SIM-0665,2026-04,Calzado,Tienda,2,0,18000,0,18000,8400,0,9600,90,42,0
SIM-0666,2026-04,Accesorios,Online,1,0,3000,300,2700,900,0,1800,30,9,10
SIM-0667,2026-04,Calzado,Online,1,0,9000,0,9000,4200,0,4800,90,42,0
SIM-0668,2026-04,Accesorios,Online,1,0,3000,300,2700,900,0,1800,30,9,10
SIM-0669,2026-04,Calzado,Tienda,1,0,9000,0,9000,4200,0,4800,90,42,0
SIM-0670,2026-04,Accesorios,Online,1,0,3000,0,3000,900,0,2100,30,9,0
SIM-0671,2026-04,Prendas,Tienda,1,1,6000,1200,0,0,200,-200,60,24,20
SIM-0672,2026-04,Calzado,Tienda,3,0,27000,8100,18900,12600,0,6300,90,42,30
SIM-0673,2026-04,Prendas,Online,1,0,6000,600,5400,2400,0,3000,60,24,10
SIM-0674,2026-04,Prendas,Online,3,0,18000,0,18000,7200,0,10800,60,24,0
SIM-0675,2026-04,Accesorios,Tienda,1,0,3000,300,2700,900,0,1800,30,9,10
SIM-0676,2026-04,Accesorios,Tienda,3,1,9000,0,6000,1800,200,4000,30,9,0
SIM-0677,2026-04,Prendas,Online,2,1,12000,3600,4200,2400,600,1200,60,24,30
SIM-0678,2026-04,Prendas,Online,1,0,6000,600,5400,2400,0,3000,60,24,10
SIM-0679,2026-04,Calzado,Tienda,2,0,18000,3600,14400,8400,0,6000,90,42,20
SIM-0680,2026-04,Prendas,Online,1,1,6000,1200,0,0,600,-600,60,24,20
SIM-0681,2026-04,Calzado,Online,1,0,9000,900,8100,4200,0,3900,90,42,10
SIM-0682,2026-04,Calzado,Tienda,2,0,18000,1800,16200,8400,0,7800,90,42,10
SIM-0683,2026-04,Prendas,Online,1,0,6000,1200,4800,2400,0,2400,60,24,20
SIM-0684,2026-04,Prendas,Online,1,0,6000,1800,4200,2400,0,1800,60,24,30
SIM-0685,2026-04,Accesorios,Online,2,0,6000,1800,4200,1800,0,2400,30,9,30
SIM-0686,2026-04,Prendas,Online,1,0,6000,1800,4200,2400,0,1800,60,24,30
SIM-0687,2026-04,Prendas,Tienda,1,0,6000,600,5400,2400,0,3000,60,24,10
SIM-0688,2026-04,Calzado,Tienda,1,0,9000,1800,7200,4200,0,3000,90,42,20
SIM-0689,2026-04,Calzado,Online,3,2,27000,0,9000,4200,1200,3600,90,42,0
SIM-0690,2026-04,Calzado,Tienda,2,0,18000,5400,12600,8400,0,4200,90,42,30
SIM-0691,2026-04,Calzado,Tienda,3,1,27000,2700,16200,8400,200,7600,90,42,10
SIM-0692,2026-04,Calzado,Tienda,1,0,9000,900,8100,4200,0,3900,90,42,10
SIM-0693,2026-04,Prendas,Tienda,1,0,6000,0,6000,2400,0,3600,60,24,0
SIM-0694,2026-04,Prendas,Tienda,1,0,6000,1200,4800,2400,0,2400,60,24,20
SIM-0695,2026-04,Prendas,Tienda,1,0,6000,600,5400,2400,0,3000,60,24,10
SIM-0696,2026-04,Accesorios,Online,2,0,6000,600,5400,1800,0,3600,30,9,10
SIM-0697,2026-04,Prendas,Tienda,1,0,6000,1800,4200,2400,0,1800,60,24,30
SIM-0698,2026-04,Calzado,Online,1,0,9000,2700,6300,4200,0,2100,90,42,30
SIM-0699,2026-04,Calzado,Tienda,1,0,9000,900,8100,4200,0,3900,90,42,10
SIM-0700,2026-04,Prendas,Online,1,0,6000,0,6000,2400,0,3600,60,24,0
SIM-0701,2026-04,Prendas,Online,2,0,12000,2400,9600,4800,0,4800,60,24,20
SIM-0702,2026-04,Prendas,Tienda,2,0,12000,2400,9600,4800,0,4800,60,24,20
SIM-0703,2026-04,Prendas,Online,1,0,6000,0,6000,2400,0,3600,60,24,0
SIM-0704,2026-04,Calzado,Online,1,0,9000,900,8100,4200,0,3900,90,42,10
SIM-0705,2026-04,Prendas,Tienda,1,0,6000,1200,4800,2400,0,2400,60,24,20
SIM-0706,2026-04,Prendas,Online,2,0,12000,1200,10800,4800,0,6000,60,24,10
SIM-0707,2026-04,Prendas,Online,1,0,6000,0,6000,2400,0,3600,60,24,0
SIM-0708,2026-04,Prendas,Tienda,1,0,6000,600,5400,2400,0,3000,60,24,10
SIM-0709,2026-04,Prendas,Tienda,3,0,18000,0,18000,7200,0,10800,60,24,0
SIM-0710,2026-04,Calzado,Tienda,1,0,9000,1800,7200,4200,0,3000,90,42,20
SIM-0711,2026-04,Calzado,Tienda,1,0,9000,900,8100,4200,0,3900,90,42,10
SIM-0712,2026-04,Prendas,Online,1,0,6000,600,5400,2400,0,3000,60,24,10
SIM-0713,2026-04,Prendas,Tienda,1,0,6000,1800,4200,2400,0,1800,60,24,30
SIM-0714,2026-04,Prendas,Tienda,1,0,6000,0,6000,2400,0,3600,60,24,0
SIM-0715,2026-04,Prendas,Tienda,2,1,12000,3600,4200,2400,200,1600,60,24,30
SIM-0716,2026-04,Prendas,Tienda,1,0,6000,1800,4200,2400,0,1800,60,24,30
SIM-0717,2026-04,Calzado,Online,1,0,9000,900,8100,4200,0,3900,90,42,10
SIM-0718,2026-04,Accesorios,Online,1,0,3000,0,3000,900,0,2100,30,9,0
SIM-0719,2026-04,Calzado,Online,2,0,18000,5400,12600,8400,0,4200,90,42,30
SIM-0720,2026-04,Prendas,Online,1,0,6000,0,6000,2400,0,3600,60,24,0
SIM-0721,2026-04,Calzado,Tienda,1,0,9000,1800,7200,4200,0,3000,90,42,20
SIM-0722,2026-04,Calzado,Online,1,0,9000,0,9000,4200,0,4800,90,42,0
SIM-0723,2026-04,Accesorios,Online,2,0,6000,0,6000,1800,0,4200,30,9,0
SIM-0724,2026-04,Calzado,Online,3,1,27000,8100,12600,8400,600,3600,90,42,30
SIM-0725,2026-04,Prendas,Tienda,1,0,6000,600,5400,2400,0,3000,60,24,10
SIM-0726,2026-04,Calzado,Tienda,1,0,9000,1800,7200,4200,0,3000,90,42,20
SIM-0727,2026-04,Calzado,Online,1,0,9000,0,9000,4200,0,4800,90,42,0
SIM-0728,2026-04,Calzado,Online,2,0,18000,1800,16200,8400,0,7800,90,42,10
SIM-0729,2026-04,Prendas,Online,1,0,6000,600,5400,2400,0,3000,60,24,10
SIM-0730,2026-04,Accesorios,Tienda,1,0,3000,900,2100,900,0,1200,30,9,30
SIM-0731,2026-04,Prendas,Tienda,2,0,12000,1200,10800,4800,0,6000,60,24,10
SIM-0732,2026-04,Calzado,Online,1,0,9000,1800,7200,4200,0,3000,90,42,20
SIM-0733,2026-04,Accesorios,Tienda,1,0,3000,0,3000,900,0,2100,30,9,0
SIM-0734,2026-04,Prendas,Online,1,0,6000,0,6000,2400,0,3600,60,24,0
SIM-0735,2026-04,Accesorios,Tienda,1,0,3000,600,2400,900,0,1500,30,9,20
SIM-0736,2026-04,Prendas,Tienda,1,0,6000,0,6000,2400,0,3600,60,24,0
SIM-0737,2026-04,Prendas,Online,3,0,18000,1800,16200,7200,0,9000,60,24,10
SIM-0738,2026-04,Accesorios,Online,1,0,3000,0,3000,900,0,2100,30,9,0
SIM-0739,2026-04,Prendas,Online,1,0,6000,0,6000,2400,0,3600,60,24,0
SIM-0740,2026-04,Prendas,Online,1,1,6000,1200,0,0,600,-600,60,24,20
SIM-0741,2026-04,Accesorios,Online,1,0,3000,300,2700,900,0,1800,30,9,10
SIM-0742,2026-04,Accesorios,Tienda,3,0,9000,900,8100,2700,0,5400,30,9,10
SIM-0743,2026-04,Calzado,Tienda,1,0,9000,2700,6300,4200,0,2100,90,42,30
SIM-0744,2026-04,Prendas,Online,1,0,6000,600,5400,2400,0,3000,60,24,10
SIM-0745,2026-04,Prendas,Tienda,1,0,6000,1200,4800,2400,0,2400,60,24,20
SIM-0746,2026-04,Accesorios,Tienda,3,0,9000,2700,6300,2700,0,3600,30,9,30
SIM-0747,2026-04,Prendas,Online,1,0,6000,0,6000,2400,0,3600,60,24,0
SIM-0748,2026-04,Accesorios,Tienda,3,1,9000,0,6000,1800,200,4000,30,9,0
SIM-0749,2026-04,Accesorios,Online,2,0,6000,0,6000,1800,0,4200,30,9,0
SIM-0750,2026-04,Calzado,Tienda,1,0,9000,0,9000,4200,0,4800,90,42,0
SIM-0751,2026-04,Prendas,Online,1,1,6000,600,0,0,600,-600,60,24,10
SIM-0752,2026-04,Calzado,Online,1,1,9000,0,0,0,600,-600,90,42,0
SIM-0753,2026-04,Prendas,Tienda,1,0,6000,0,6000,2400,0,3600,60,24,0
SIM-0754,2026-04,Prendas,Online,1,0,6000,600,5400,2400,0,3000,60,24,10
SIM-0755,2026-04,Prendas,Tienda,1,0,6000,1800,4200,2400,0,1800,60,24,30
SIM-0756,2026-04,Prendas,Tienda,2,1,12000,0,6000,2400,200,3400,60,24,0
SIM-0757,2026-04,Prendas,Online,1,0,6000,0,6000,2400,0,3600,60,24,0
SIM-0758,2026-04,Accesorios,Online,2,0,6000,0,6000,1800,0,4200,30,9,0
SIM-0759,2026-04,Calzado,Online,1,0,9000,1800,7200,4200,0,3000,90,42,20
SIM-0760,2026-04,Prendas,Online,1,0,6000,600,5400,2400,0,3000,60,24,10
SIM-0761,2026-04,Calzado,Online,1,0,9000,2700,6300,4200,0,2100,90,42,30
SIM-0762,2026-04,Prendas,Online,1,0,6000,0,6000,2400,0,3600,60,24,0
SIM-0763,2026-04,Prendas,Online,1,0,6000,600,5400,2400,0,3000,60,24,10
SIM-0764,2026-04,Calzado,Tienda,2,0,18000,3600,14400,8400,0,6000,90,42,20
SIM-0765,2026-04,Prendas,Tienda,1,0,6000,0,6000,2400,0,3600,60,24,0
SIM-0766,2026-04,Prendas,Tienda,2,0,12000,3600,8400,4800,0,3600,60,24,30
SIM-0767,2026-04,Calzado,Tienda,1,0,9000,2700,6300,4200,0,2100,90,42,30
SIM-0768,2026-04,Prendas,Online,3,1,18000,3600,9600,4800,600,4200,60,24,20
SIM-0769,2026-04,Prendas,Tienda,3,1,18000,0,12000,4800,200,7000,60,24,0
SIM-0770,2026-04,Calzado,Online,1,0,9000,900,8100,4200,0,3900,90,42,10
SIM-0771,2026-04,Accesorios,Tienda,1,0,3000,900,2100,900,0,1200,30,9,30
SIM-0772,2026-04,Accesorios,Tienda,1,0,3000,0,3000,900,0,2100,30,9,0
SIM-0773,2026-04,Accesorios,Tienda,2,1,6000,1200,2400,900,200,1300,30,9,20
SIM-0774,2026-04,Prendas,Tienda,1,0,6000,600,5400,2400,0,3000,60,24,10
SIM-0775,2026-04,Calzado,Online,1,0,9000,1800,7200,4200,0,3000,90,42,20
SIM-0776,2026-04,Calzado,Online,1,0,9000,1800,7200,4200,0,3000,90,42,20
SIM-0777,2026-04,Prendas,Online,1,0,6000,600,5400,2400,0,3000,60,24,10
SIM-0778,2026-04,Prendas,Tienda,1,0,6000,0,6000,2400,0,3600,60,24,0
SIM-0779,2026-04,Calzado,Online,2,0,18000,1800,16200,8400,0,7800,90,42,10
SIM-0780,2026-04,Prendas,Online,3,0,18000,3600,14400,7200,0,7200,60,24,20
SIM-0781,2026-04,Prendas,Tienda,1,1,6000,1200,0,0,200,-200,60,24,20
SIM-0782,2026-04,Accesorios,Tienda,3,0,9000,900,8100,2700,0,5400,30,9,10
SIM-0783,2026-04,Prendas,Online,1,0,6000,600,5400,2400,0,3000,60,24,10
SIM-0784,2026-04,Prendas,Tienda,1,1,6000,0,0,0,200,-200,60,24,0
SIM-0785,2026-04,Accesorios,Tienda,2,0,6000,0,6000,1800,0,4200,30,9,0
SIM-0786,2026-04,Prendas,Tienda,3,0,18000,3600,14400,7200,0,7200,60,24,20
SIM-0787,2026-04,Calzado,Online,3,0,27000,5400,21600,12600,0,9000,90,42,20
SIM-0788,2026-04,Calzado,Online,1,0,9000,1800,7200,4200,0,3000,90,42,20
SIM-0789,2026-04,Prendas,Tienda,1,0,6000,0,6000,2400,0,3600,60,24,0
SIM-0790,2026-04,Accesorios,Online,1,0,3000,300,2700,900,0,1800,30,9,10
SIM-0791,2026-04,Accesorios,Online,1,0,3000,600,2400,900,0,1500,30,9,20
SIM-0792,2026-04,Prendas,Online,1,0,6000,1800,4200,2400,0,1800,60,24,30
SIM-0793,2026-04,Prendas,Online,2,0,12000,0,12000,4800,0,7200,60,24,0
SIM-0794,2026-04,Calzado,Tienda,1,0,9000,0,9000,4200,0,4800,90,42,0
SIM-0795,2026-04,Calzado,Tienda,1,1,9000,0,0,0,200,-200,90,42,0
SIM-0796,2026-04,Calzado,Online,1,0,9000,2700,6300,4200,0,2100,90,42,30
SIM-0797,2026-04,Calzado,Online,1,0,9000,900,8100,4200,0,3900,90,42,10
SIM-0798,2026-04,Calzado,Tienda,3,0,27000,5400,21600,12600,0,9000,90,42,20
SIM-0799,2026-04,Calzado,Tienda,3,0,27000,0,27000,12600,0,14400,90,42,0
SIM-0800,2026-04,Calzado,Tienda,1,0,9000,0,9000,4200,0,4800,90,42,0
SIM-0801,2026-04,Prendas,Tienda,1,0,6000,0,6000,2400,0,3600,60,24,0
SIM-0802,2026-04,Prendas,Tienda,1,0,6000,0,6000,2400,0,3600,60,24,0
SIM-0803,2026-04,Prendas,Online,1,0,6000,1800,4200,2400,0,1800,60,24,30
SIM-0804,2026-04,Accesorios,Online,3,0,9000,2700,6300,2700,0,3600,30,9,30
SIM-0805,2026-04,Calzado,Online,3,1,27000,8100,12600,8400,600,3600,90,42,30
SIM-0806,2026-04,Prendas,Tienda,1,0,6000,0,6000,2400,0,3600,60,24,0
SIM-0807,2026-04,Calzado,Tienda,1,0,9000,0,9000,4200,0,4800,90,42,0
SIM-0808,2026-04,Prendas,Online,2,0,12000,2400,9600,4800,0,4800,60,24,20
SIM-0809,2026-04,Prendas,Online,3,0,18000,1800,16200,7200,0,9000,60,24,10
SIM-0810,2026-04,Calzado,Online,2,0,18000,1800,16200,8400,0,7800,90,42,10
SIM-0811,2026-04,Prendas,Online,2,0,12000,2400,9600,4800,0,4800,60,24,20
SIM-0812,2026-04,Prendas,Tienda,1,0,6000,0,6000,2400,0,3600,60,24,0
SIM-0813,2026-04,Accesorios,Online,2,0,6000,1800,4200,1800,0,2400,30,9,30
SIM-0814,2026-04,Prendas,Online,1,0,6000,0,6000,2400,0,3600,60,24,0
SIM-0815,2026-04,Calzado,Tienda,1,0,9000,0,9000,4200,0,4800,90,42,0
SIM-0816,2026-04,Prendas,Online,1,0,6000,0,6000,2400,0,3600,60,24,0
SIM-0817,2026-04,Prendas,Online,1,0,6000,1200,4800,2400,0,2400,60,24,20
SIM-0818,2026-04,Prendas,Online,1,0,6000,1200,4800,2400,0,2400,60,24,20
SIM-0819,2026-04,Accesorios,Online,1,0,3000,0,3000,900,0,2100,30,9,0
SIM-0820,2026-04,Prendas,Online,2,1,12000,0,6000,2400,600,3000,60,24,0
SIM-0821,2026-04,Prendas,Online,1,0,6000,0,6000,2400,0,3600,60,24,0
SIM-0822,2026-04,Prendas,Online,1,0,6000,600,5400,2400,0,3000,60,24,10
SIM-0823,2026-04,Calzado,Tienda,1,0,9000,0,9000,4200,0,4800,90,42,0
SIM-0824,2026-04,Calzado,Online,1,0,9000,0,9000,4200,0,4800,90,42,0
SIM-0825,2026-04,Prendas,Online,1,0,6000,0,6000,2400,0,3600,60,24,0
SIM-0826,2026-04,Accesorios,Online,1,0,3000,300,2700,900,0,1800,30,9,10
SIM-0827,2026-04,Accesorios,Online,1,0,3000,0,3000,900,0,2100,30,9,0
SIM-0828,2026-04,Prendas,Tienda,1,0,6000,600,5400,2400,0,3000,60,24,10
SIM-0829,2026-04,Prendas,Online,1,0,6000,1800,4200,2400,0,1800,60,24,30
SIM-0830,2026-04,Accesorios,Tienda,1,0,3000,0,3000,900,0,2100,30,9,0
SIM-0831,2026-04,Calzado,Online,1,0,9000,1800,7200,4200,0,3000,90,42,20
SIM-0832,2026-04,Accesorios,Tienda,2,0,6000,1200,4800,1800,0,3000,30,9,20
SIM-0833,2026-04,Accesorios,Online,2,1,6000,0,3000,900,600,1500,30,9,0
SIM-0834,2026-04,Calzado,Tienda,1,0,9000,2700,6300,4200,0,2100,90,42,30
SIM-0835,2026-04,Prendas,Tienda,1,0,6000,600,5400,2400,0,3000,60,24,10
SIM-0836,2026-04,Calzado,Tienda,1,0,9000,0,9000,4200,0,4800,90,42,0
SIM-0837,2026-04,Prendas,Online,1,0,6000,1800,4200,2400,0,1800,60,24,30
SIM-0838,2026-04,Prendas,Online,1,1,6000,600,0,0,600,-600,60,24,10
SIM-0839,2026-04,Prendas,Online,2,0,12000,0,12000,4800,0,7200,60,24,0
SIM-0840,2026-04,Calzado,Online,1,1,9000,900,0,0,600,-600,90,42,10
SIM-0841,2026-04,Calzado,Online,1,0,9000,2700,6300,4200,0,2100,90,42,30
SIM-0842,2026-04,Prendas,Online,2,0,12000,0,12000,4800,0,7200,60,24,0
SIM-0843,2026-04,Prendas,Tienda,1,0,6000,0,6000,2400,0,3600,60,24,0
SIM-0844,2026-04,Calzado,Online,1,0,9000,0,9000,4200,0,4800,90,42,0
SIM-0845,2026-04,Accesorios,Online,2,0,6000,600,5400,1800,0,3600,30,9,10
SIM-0846,2026-04,Calzado,Online,1,0,9000,900,8100,4200,0,3900,90,42,10
SIM-0847,2026-04,Prendas,Online,1,0,6000,0,6000,2400,0,3600,60,24,0
SIM-0848,2026-04,Prendas,Tienda,1,0,6000,0,6000,2400,0,3600,60,24,0
SIM-0849,2026-04,Accesorios,Tienda,1,0,3000,0,3000,900,0,2100,30,9,0
SIM-0850,2026-04,Calzado,Tienda,1,0,9000,0,9000,4200,0,4800,90,42,0
SIM-0851,2026-04,Calzado,Tienda,1,0,9000,2700,6300,4200,0,2100,90,42,30
SIM-0852,2026-04,Accesorios,Tienda,1,0,3000,0,3000,900,0,2100,30,9,0
SIM-0853,2026-04,Prendas,Online,2,0,12000,1200,10800,4800,0,6000,60,24,10
SIM-0854,2026-04,Prendas,Tienda,3,0,18000,5400,12600,7200,0,5400,60,24,30
SIM-0855,2026-04,Calzado,Tienda,1,1,9000,1800,0,0,200,-200,90,42,20
SIM-0856,2026-04,Accesorios,Tienda,1,0,3000,0,3000,900,0,2100,30,9,0
SIM-0857,2026-04,Prendas,Online,3,0,18000,5400,12600,7200,0,5400,60,24,30
SIM-0858,2026-04,Accesorios,Tienda,1,0,3000,0,3000,900,0,2100,30,9,0
SIM-0859,2026-04,Prendas,Online,2,1,12000,0,6000,2400,600,3000,60,24,0
SIM-0860,2026-04,Accesorios,Online,1,0,3000,600,2400,900,0,1500,30,9,20
SIM-0861,2026-04,Prendas,Tienda,2,0,12000,2400,9600,4800,0,4800,60,24,20
SIM-0862,2026-04,Prendas,Tienda,3,0,18000,5400,12600,7200,0,5400,60,24,30
SIM-0863,2026-04,Calzado,Tienda,1,0,9000,900,8100,4200,0,3900,90,42,10
SIM-0864,2026-04,Prendas,Tienda,1,0,6000,1800,4200,2400,0,1800,60,24,30
SIM-0865,2026-04,Calzado,Online,1,0,9000,900,8100,4200,0,3900,90,42,10
SIM-0866,2026-04,Calzado,Online,1,0,9000,0,9000,4200,0,4800,90,42,0
SIM-0867,2026-04,Accesorios,Tienda,1,0,3000,900,2100,900,0,1200,30,9,30
SIM-0868,2026-04,Accesorios,Tienda,2,1,6000,0,3000,900,200,1900,30,9,0
SIM-0869,2026-04,Calzado,Online,1,0,9000,0,9000,4200,0,4800,90,42,0
SIM-0870,2026-04,Calzado,Tienda,1,0,9000,0,9000,4200,0,4800,90,42,0
SIM-0871,2026-04,Calzado,Online,1,0,9000,900,8100,4200,0,3900,90,42,10
SIM-0872,2026-04,Calzado,Online,1,0,9000,0,9000,4200,0,4800,90,42,0
SIM-0873,2026-04,Calzado,Online,1,0,9000,0,9000,4200,0,4800,90,42,0
SIM-0874,2026-04,Calzado,Online,1,0,9000,900,8100,4200,0,3900,90,42,10
SIM-0875,2026-04,Accesorios,Online,1,0,3000,0,3000,900,0,2100,30,9,0
SIM-0876,2026-04,Calzado,Online,2,1,18000,0,9000,4200,600,4200,90,42,0
SIM-0877,2026-04,Prendas,Online,1,0,6000,1800,4200,2400,0,1800,60,24,30
SIM-0878,2026-04,Prendas,Online,1,0,6000,0,6000,2400,0,3600,60,24,0
SIM-0879,2026-04,Calzado,Tienda,1,0,9000,1800,7200,4200,0,3000,90,42,20
SIM-0880,2026-04,Calzado,Tienda,1,0,9000,0,9000,4200,0,4800,90,42,0
SIM-0881,2026-04,Calzado,Tienda,1,1,9000,900,0,0,200,-200,90,42,10
SIM-0882,2026-04,Calzado,Online,1,0,9000,1800,7200,4200,0,3000,90,42,20
SIM-0883,2026-04,Prendas,Online,1,0,6000,600,5400,2400,0,3000,60,24,10
SIM-0884,2026-04,Calzado,Tienda,1,0,9000,1800,7200,4200,0,3000,90,42,20
SIM-0885,2026-04,Prendas,Tienda,1,0,6000,1200,4800,2400,0,2400,60,24,20
SIM-0886,2026-04,Prendas,Tienda,1,0,6000,600,5400,2400,0,3000,60,24,10
SIM-0887,2026-04,Calzado,Tienda,1,0,9000,2700,6300,4200,0,2100,90,42,30
SIM-0888,2026-04,Prendas,Online,1,0,6000,600,5400,2400,0,3000,60,24,10
SIM-0889,2026-04,Prendas,Online,1,0,6000,1200,4800,2400,0,2400,60,24,20
SIM-0890,2026-04,Prendas,Tienda,1,0,6000,600,5400,2400,0,3000,60,24,10
SIM-0891,2026-04,Prendas,Online,1,0,6000,600,5400,2400,0,3000,60,24,10
SIM-0892,2026-04,Accesorios,Online,1,0,3000,300,2700,900,0,1800,30,9,10
SIM-0893,2026-04,Prendas,Online,1,0,6000,0,6000,2400,0,3600,60,24,0
SIM-0894,2026-04,Prendas,Tienda,1,0,6000,600,5400,2400,0,3000,60,24,10
SIM-0895,2026-04,Prendas,Online,3,0,18000,1800,16200,7200,0,9000,60,24,10
SIM-0896,2026-04,Prendas,Online,1,0,6000,0,6000,2400,0,3600,60,24,0
SIM-0897,2026-04,Prendas,Tienda,1,0,6000,1200,4800,2400,0,2400,60,24,20
SIM-0898,2026-04,Prendas,Online,1,0,6000,600,5400,2400,0,3000,60,24,10
SIM-0899,2026-04,Prendas,Tienda,1,0,6000,600,5400,2400,0,3000,60,24,10
SIM-0900,2026-04,Prendas,Tienda,1,0,6000,1800,4200,2400,0,1800,60,24,30
SIM-0901,2026-04,Calzado,Tienda,2,0,18000,0,18000,8400,0,9600,90,42,0
SIM-0902,2026-04,Prendas,Online,1,0,6000,0,6000,2400,0,3600,60,24,0
SIM-0903,2026-04,Prendas,Online,1,0,6000,0,6000,2400,0,3600,60,24,0
SIM-0904,2026-04,Calzado,Tienda,2,1,18000,5400,6300,4200,200,1900,90,42,30
SIM-0905,2026-04,Accesorios,Tienda,3,0,9000,1800,7200,2700,0,4500,30,9,20
SIM-0906,2026-04,Calzado,Online,1,0,9000,900,8100,4200,0,3900,90,42,10
SIM-0907,2026-04,Calzado,Online,2,0,18000,1800,16200,8400,0,7800,90,42,10
SIM-0908,2026-04,Prendas,Tienda,1,0,6000,600,5400,2400,0,3000,60,24,10
SIM-0909,2026-04,Prendas,Online,1,0,6000,0,6000,2400,0,3600,60,24,0
SIM-0910,2026-04,Prendas,Online,1,0,6000,1800,4200,2400,0,1800,60,24,30
SIM-0911,2026-04,Calzado,Tienda,1,0,9000,2700,6300,4200,0,2100,90,42,30
SIM-0912,2026-04,Accesorios,Online,1,0,3000,0,3000,900,0,2100,30,9,0
SIM-0913,2026-04,Calzado,Online,1,0,9000,1800,7200,4200,0,3000,90,42,20
SIM-0914,2026-04,Accesorios,Tienda,1,0,3000,0,3000,900,0,2100,30,9,0
SIM-0915,2026-04,Calzado,Tienda,1,0,9000,2700,6300,4200,0,2100,90,42,30
SIM-0916,2026-04,Accesorios,Online,1,0,3000,900,2100,900,0,1200,30,9,30
SIM-0917,2026-04,Prendas,Tienda,1,0,6000,0,6000,2400,0,3600,60,24,0
SIM-0918,2026-04,Prendas,Tienda,3,0,18000,1800,16200,7200,0,9000,60,24,10
SIM-0919,2026-04,Calzado,Tienda,1,0,9000,0,9000,4200,0,4800,90,42,0
SIM-0920,2026-04,Prendas,Tienda,1,0,6000,0,6000,2400,0,3600,60,24,0
SIM-0921,2026-05,Prendas,Tienda,2,1,12000,1200,5400,2400,200,2800,60,24,10
SIM-0922,2026-05,Calzado,Online,2,0,18000,0,18000,8400,0,9600,90,42,0
SIM-0923,2026-05,Prendas,Online,1,0,6000,600,5400,2400,0,3000,60,24,10
SIM-0924,2026-05,Accesorios,Tienda,1,0,3000,0,3000,900,0,2100,30,9,0
SIM-0925,2026-05,Calzado,Tienda,1,0,9000,0,9000,4200,0,4800,90,42,0
SIM-0926,2026-05,Prendas,Online,1,0,6000,0,6000,2400,0,3600,60,24,0
SIM-0927,2026-05,Prendas,Tienda,1,0,6000,0,6000,2400,0,3600,60,24,0
SIM-0928,2026-05,Accesorios,Online,1,0,3000,900,2100,900,0,1200,30,9,30
SIM-0929,2026-05,Prendas,Online,1,0,6000,0,6000,2400,0,3600,60,24,0
SIM-0930,2026-05,Accesorios,Online,1,0,3000,0,3000,900,0,2100,30,9,0
SIM-0931,2026-05,Calzado,Online,1,1,9000,900,0,0,600,-600,90,42,10
SIM-0932,2026-05,Prendas,Tienda,1,0,6000,1800,4200,2400,0,1800,60,24,30
SIM-0933,2026-05,Calzado,Online,1,0,9000,900,8100,4200,0,3900,90,42,10
SIM-0934,2026-05,Prendas,Online,1,0,6000,600,5400,2400,0,3000,60,24,10
SIM-0935,2026-05,Calzado,Tienda,1,0,9000,1800,7200,4200,0,3000,90,42,20
SIM-0936,2026-05,Calzado,Online,2,1,18000,1800,8100,4200,600,3300,90,42,10
SIM-0937,2026-05,Accesorios,Online,1,0,3000,0,3000,900,0,2100,30,9,0
SIM-0938,2026-05,Calzado,Online,1,0,9000,0,9000,4200,0,4800,90,42,0
SIM-0939,2026-05,Accesorios,Tienda,1,0,3000,300,2700,900,0,1800,30,9,10
SIM-0940,2026-05,Prendas,Tienda,1,0,6000,0,6000,2400,0,3600,60,24,0
SIM-0941,2026-05,Calzado,Tienda,1,0,9000,0,9000,4200,0,4800,90,42,0
SIM-0942,2026-05,Prendas,Tienda,1,0,6000,0,6000,2400,0,3600,60,24,0
SIM-0943,2026-05,Prendas,Online,2,1,12000,3600,4200,2400,600,1200,60,24,30
SIM-0944,2026-05,Prendas,Tienda,1,0,6000,1200,4800,2400,0,2400,60,24,20
SIM-0945,2026-05,Prendas,Tienda,2,1,12000,3600,4200,2400,200,1600,60,24,30
SIM-0946,2026-05,Prendas,Tienda,1,0,6000,1800,4200,2400,0,1800,60,24,30
SIM-0947,2026-05,Accesorios,Tienda,1,0,3000,600,2400,900,0,1500,30,9,20
SIM-0948,2026-05,Prendas,Tienda,1,0,6000,0,6000,2400,0,3600,60,24,0
SIM-0949,2026-05,Accesorios,Tienda,3,0,9000,0,9000,2700,0,6300,30,9,0
SIM-0950,2026-05,Accesorios,Online,1,0,3000,900,2100,900,0,1200,30,9,30
SIM-0951,2026-05,Prendas,Tienda,2,0,12000,0,12000,4800,0,7200,60,24,0
SIM-0952,2026-05,Prendas,Online,1,0,6000,600,5400,2400,0,3000,60,24,10
SIM-0953,2026-05,Accesorios,Online,1,1,3000,0,0,0,600,-600,30,9,0
SIM-0954,2026-05,Calzado,Online,1,0,9000,0,9000,4200,0,4800,90,42,0
SIM-0955,2026-05,Prendas,Online,1,0,6000,0,6000,2400,0,3600,60,24,0
SIM-0956,2026-05,Prendas,Tienda,1,0,6000,0,6000,2400,0,3600,60,24,0
SIM-0957,2026-05,Calzado,Tienda,1,0,9000,0,9000,4200,0,4800,90,42,0
SIM-0958,2026-05,Calzado,Online,1,0,9000,2700,6300,4200,0,2100,90,42,30
SIM-0959,2026-05,Prendas,Tienda,1,0,6000,0,6000,2400,0,3600,60,24,0
SIM-0960,2026-05,Accesorios,Online,1,0,3000,300,2700,900,0,1800,30,9,10
SIM-0961,2026-05,Calzado,Online,1,0,9000,0,9000,4200,0,4800,90,42,0
SIM-0962,2026-05,Prendas,Tienda,2,0,12000,1200,10800,4800,0,6000,60,24,10
SIM-0963,2026-05,Prendas,Online,1,0,6000,1800,4200,2400,0,1800,60,24,30
SIM-0964,2026-05,Calzado,Tienda,1,0,9000,900,8100,4200,0,3900,90,42,10
SIM-0965,2026-05,Prendas,Tienda,2,0,12000,1200,10800,4800,0,6000,60,24,10
SIM-0966,2026-05,Calzado,Tienda,1,0,9000,1800,7200,4200,0,3000,90,42,20
SIM-0967,2026-05,Calzado,Tienda,1,0,9000,2700,6300,4200,0,2100,90,42,30
SIM-0968,2026-05,Calzado,Online,1,0,9000,0,9000,4200,0,4800,90,42,0
SIM-0969,2026-05,Accesorios,Tienda,1,0,3000,900,2100,900,0,1200,30,9,30
SIM-0970,2026-05,Prendas,Tienda,3,0,18000,1800,16200,7200,0,9000,60,24,10
SIM-0971,2026-05,Prendas,Tienda,3,0,18000,5400,12600,7200,0,5400,60,24,30
SIM-0972,2026-05,Prendas,Tienda,2,0,12000,2400,9600,4800,0,4800,60,24,20
SIM-0973,2026-05,Prendas,Tienda,3,1,18000,1800,10800,4800,200,5800,60,24,10
SIM-0974,2026-05,Prendas,Online,1,1,6000,600,0,0,600,-600,60,24,10
SIM-0975,2026-05,Calzado,Tienda,1,0,9000,1800,7200,4200,0,3000,90,42,20
SIM-0976,2026-05,Calzado,Online,1,0,9000,900,8100,4200,0,3900,90,42,10
SIM-0977,2026-05,Prendas,Online,1,0,6000,1200,4800,2400,0,2400,60,24,20
SIM-0978,2026-05,Calzado,Tienda,2,0,18000,5400,12600,8400,0,4200,90,42,30
SIM-0979,2026-05,Prendas,Online,1,0,6000,600,5400,2400,0,3000,60,24,10
SIM-0980,2026-05,Prendas,Tienda,1,0,6000,0,6000,2400,0,3600,60,24,0
SIM-0981,2026-05,Accesorios,Tienda,1,0,3000,600,2400,900,0,1500,30,9,20
SIM-0982,2026-05,Calzado,Online,1,0,9000,2700,6300,4200,0,2100,90,42,30
SIM-0983,2026-05,Prendas,Online,1,0,6000,600,5400,2400,0,3000,60,24,10
SIM-0984,2026-05,Calzado,Tienda,1,0,9000,900,8100,4200,0,3900,90,42,10
SIM-0985,2026-05,Prendas,Online,1,0,6000,600,5400,2400,0,3000,60,24,10
SIM-0986,2026-05,Prendas,Tienda,1,0,6000,600,5400,2400,0,3000,60,24,10
SIM-0987,2026-05,Prendas,Tienda,1,0,6000,600,5400,2400,0,3000,60,24,10
SIM-0988,2026-05,Calzado,Tienda,1,0,9000,900,8100,4200,0,3900,90,42,10
SIM-0989,2026-05,Prendas,Online,1,0,6000,1800,4200,2400,0,1800,60,24,30
SIM-0990,2026-05,Calzado,Online,1,0,9000,900,8100,4200,0,3900,90,42,10
SIM-0991,2026-05,Prendas,Tienda,3,0,18000,5400,12600,7200,0,5400,60,24,30
SIM-0992,2026-05,Calzado,Tienda,2,0,18000,0,18000,8400,0,9600,90,42,0
SIM-0993,2026-05,Prendas,Online,1,0,6000,0,6000,2400,0,3600,60,24,0
SIM-0994,2026-05,Prendas,Online,3,0,18000,0,18000,7200,0,10800,60,24,0
SIM-0995,2026-05,Prendas,Online,3,0,18000,3600,14400,7200,0,7200,60,24,20
SIM-0996,2026-05,Accesorios,Tienda,3,0,9000,2700,6300,2700,0,3600,30,9,30
SIM-0997,2026-05,Prendas,Online,1,0,6000,1800,4200,2400,0,1800,60,24,30
SIM-0998,2026-05,Accesorios,Online,1,0,3000,600,2400,900,0,1500,30,9,20
SIM-0999,2026-05,Calzado,Online,1,0,9000,2700,6300,4200,0,2100,90,42,30
SIM-1000,2026-05,Prendas,Online,1,1,6000,600,0,0,600,-600,60,24,10
SIM-1001,2026-05,Accesorios,Online,1,0,3000,300,2700,900,0,1800,30,9,10
SIM-1002,2026-05,Calzado,Tienda,2,0,18000,0,18000,8400,0,9600,90,42,0
SIM-1003,2026-05,Prendas,Online,1,1,6000,600,0,0,600,-600,60,24,10
SIM-1004,2026-05,Calzado,Online,3,0,27000,8100,18900,12600,0,6300,90,42,30
SIM-1005,2026-05,Prendas,Tienda,2,1,12000,1200,5400,2400,200,2800,60,24,10
SIM-1006,2026-05,Prendas,Tienda,2,0,12000,3600,8400,4800,0,3600,60,24,30
SIM-1007,2026-05,Calzado,Online,2,0,18000,5400,12600,8400,0,4200,90,42,30
SIM-1008,2026-05,Accesorios,Tienda,3,1,9000,0,6000,1800,200,4000,30,9,0
SIM-1009,2026-05,Accesorios,Online,1,0,3000,0,3000,900,0,2100,30,9,0
SIM-1010,2026-05,Accesorios,Online,1,0,3000,300,2700,900,0,1800,30,9,10
SIM-1011,2026-05,Accesorios,Online,3,1,9000,0,6000,1800,600,3600,30,9,0
SIM-1012,2026-05,Prendas,Online,1,0,6000,0,6000,2400,0,3600,60,24,0
SIM-1013,2026-05,Prendas,Tienda,2,0,12000,0,12000,4800,0,7200,60,24,0
SIM-1014,2026-05,Accesorios,Tienda,1,0,3000,300,2700,900,0,1800,30,9,10
SIM-1015,2026-05,Accesorios,Tienda,1,0,3000,900,2100,900,0,1200,30,9,30
SIM-1016,2026-05,Prendas,Tienda,1,0,6000,1800,4200,2400,0,1800,60,24,30
SIM-1017,2026-05,Prendas,Tienda,1,0,6000,0,6000,2400,0,3600,60,24,0
SIM-1018,2026-05,Calzado,Tienda,1,0,9000,1800,7200,4200,0,3000,90,42,20
SIM-1019,2026-05,Prendas,Tienda,1,0,6000,0,6000,2400,0,3600,60,24,0
SIM-1020,2026-05,Prendas,Tienda,2,0,12000,0,12000,4800,0,7200,60,24,0
SIM-1021,2026-05,Prendas,Tienda,1,0,6000,600,5400,2400,0,3000,60,24,10
SIM-1022,2026-05,Prendas,Tienda,1,0,6000,1800,4200,2400,0,1800,60,24,30
SIM-1023,2026-05,Prendas,Tienda,1,0,6000,1200,4800,2400,0,2400,60,24,20
SIM-1024,2026-05,Prendas,Tienda,1,0,6000,0,6000,2400,0,3600,60,24,0
SIM-1025,2026-05,Calzado,Tienda,1,0,9000,900,8100,4200,0,3900,90,42,10
SIM-1026,2026-05,Prendas,Tienda,1,0,6000,600,5400,2400,0,3000,60,24,10
SIM-1027,2026-05,Prendas,Tienda,1,0,6000,0,6000,2400,0,3600,60,24,0
SIM-1028,2026-05,Prendas,Tienda,1,0,6000,600,5400,2400,0,3000,60,24,10
SIM-1029,2026-05,Prendas,Online,1,1,6000,1800,0,0,600,-600,60,24,30
SIM-1030,2026-05,Accesorios,Tienda,1,0,3000,0,3000,900,0,2100,30,9,0
SIM-1031,2026-05,Prendas,Tienda,3,1,18000,3600,9600,4800,200,4600,60,24,20
SIM-1032,2026-05,Prendas,Online,1,0,6000,1800,4200,2400,0,1800,60,24,30
SIM-1033,2026-05,Calzado,Tienda,1,0,9000,0,9000,4200,0,4800,90,42,0
SIM-1034,2026-05,Calzado,Tienda,2,0,18000,5400,12600,8400,0,4200,90,42,30
SIM-1035,2026-05,Prendas,Online,1,0,6000,0,6000,2400,0,3600,60,24,0
SIM-1036,2026-05,Prendas,Online,2,0,12000,2400,9600,4800,0,4800,60,24,20
SIM-1037,2026-05,Accesorios,Tienda,1,0,3000,0,3000,900,0,2100,30,9,0
SIM-1038,2026-05,Calzado,Online,1,0,9000,1800,7200,4200,0,3000,90,42,20
SIM-1039,2026-05,Accesorios,Online,1,0,3000,900,2100,900,0,1200,30,9,30
SIM-1040,2026-05,Prendas,Online,1,0,6000,1200,4800,2400,0,2400,60,24,20
SIM-1041,2026-05,Prendas,Online,1,0,6000,1800,4200,2400,0,1800,60,24,30
SIM-1042,2026-05,Prendas,Tienda,1,0,6000,0,6000,2400,0,3600,60,24,0
SIM-1043,2026-05,Prendas,Tienda,3,0,18000,0,18000,7200,0,10800,60,24,0
SIM-1044,2026-05,Calzado,Tienda,1,0,9000,2700,6300,4200,0,2100,90,42,30
SIM-1045,2026-05,Prendas,Online,1,1,6000,600,0,0,600,-600,60,24,10
SIM-1046,2026-05,Accesorios,Tienda,1,0,3000,300,2700,900,0,1800,30,9,10
SIM-1047,2026-05,Prendas,Tienda,1,0,6000,600,5400,2400,0,3000,60,24,10
SIM-1048,2026-05,Prendas,Tienda,1,0,6000,600,5400,2400,0,3000,60,24,10
SIM-1049,2026-05,Calzado,Online,1,0,9000,2700,6300,4200,0,2100,90,42,30
SIM-1050,2026-05,Prendas,Tienda,1,0,6000,1200,4800,2400,0,2400,60,24,20
SIM-1051,2026-05,Prendas,Online,1,0,6000,1200,4800,2400,0,2400,60,24,20
SIM-1052,2026-05,Calzado,Tienda,2,0,18000,1800,16200,8400,0,7800,90,42,10
SIM-1053,2026-05,Prendas,Tienda,1,0,6000,1200,4800,2400,0,2400,60,24,20
SIM-1054,2026-05,Calzado,Online,2,1,18000,3600,7200,4200,600,2400,90,42,20
SIM-1055,2026-05,Prendas,Tienda,1,0,6000,0,6000,2400,0,3600,60,24,0
SIM-1056,2026-05,Prendas,Online,1,0,6000,0,6000,2400,0,3600,60,24,0
SIM-1057,2026-05,Prendas,Online,1,1,6000,0,0,0,600,-600,60,24,0
SIM-1058,2026-05,Prendas,Online,2,0,12000,3600,8400,4800,0,3600,60,24,30
SIM-1059,2026-05,Accesorios,Online,2,0,6000,0,6000,1800,0,4200,30,9,0
SIM-1060,2026-05,Prendas,Tienda,2,0,12000,0,12000,4800,0,7200,60,24,0
SIM-1061,2026-05,Prendas,Tienda,1,0,6000,1200,4800,2400,0,2400,60,24,20
SIM-1062,2026-05,Prendas,Online,1,1,6000,1800,0,0,600,-600,60,24,30
SIM-1063,2026-05,Calzado,Online,1,0,9000,900,8100,4200,0,3900,90,42,10
SIM-1064,2026-05,Prendas,Online,1,0,6000,1800,4200,2400,0,1800,60,24,30
SIM-1065,2026-05,Prendas,Tienda,1,0,6000,600,5400,2400,0,3000,60,24,10
SIM-1066,2026-05,Calzado,Tienda,1,0,9000,0,9000,4200,0,4800,90,42,0
SIM-1067,2026-05,Calzado,Online,1,0,9000,0,9000,4200,0,4800,90,42,0
SIM-1068,2026-05,Prendas,Online,1,0,6000,600,5400,2400,0,3000,60,24,10
SIM-1069,2026-05,Calzado,Online,1,0,9000,1800,7200,4200,0,3000,90,42,20
SIM-1070,2026-05,Calzado,Tienda,1,0,9000,2700,6300,4200,0,2100,90,42,30
SIM-1071,2026-05,Prendas,Online,1,0,6000,0,6000,2400,0,3600,60,24,0
SIM-1072,2026-05,Calzado,Online,1,0,9000,1800,7200,4200,0,3000,90,42,20
SIM-1073,2026-05,Calzado,Online,1,0,9000,0,9000,4200,0,4800,90,42,0
SIM-1074,2026-05,Calzado,Online,2,0,18000,3600,14400,8400,0,6000,90,42,20
SIM-1075,2026-05,Accesorios,Online,1,0,3000,0,3000,900,0,2100,30,9,0
SIM-1076,2026-05,Accesorios,Tienda,1,0,3000,900,2100,900,0,1200,30,9,30
SIM-1077,2026-05,Prendas,Tienda,2,0,12000,2400,9600,4800,0,4800,60,24,20
SIM-1078,2026-05,Prendas,Tienda,1,0,6000,1200,4800,2400,0,2400,60,24,20
SIM-1079,2026-05,Prendas,Tienda,1,0,6000,1200,4800,2400,0,2400,60,24,20
SIM-1080,2026-05,Prendas,Tienda,1,0,6000,600,5400,2400,0,3000,60,24,10
SIM-1081,2026-05,Calzado,Tienda,1,0,9000,0,9000,4200,0,4800,90,42,0
SIM-1082,2026-05,Accesorios,Tienda,1,0,3000,0,3000,900,0,2100,30,9,0
SIM-1083,2026-05,Accesorios,Tienda,1,0,3000,0,3000,900,0,2100,30,9,0
SIM-1084,2026-05,Accesorios,Tienda,1,0,3000,900,2100,900,0,1200,30,9,30
SIM-1085,2026-05,Prendas,Online,1,0,6000,1800,4200,2400,0,1800,60,24,30
SIM-1086,2026-05,Prendas,Tienda,1,0,6000,1200,4800,2400,0,2400,60,24,20
SIM-1087,2026-05,Prendas,Tienda,1,0,6000,1800,4200,2400,0,1800,60,24,30
SIM-1088,2026-05,Accesorios,Online,2,0,6000,600,5400,1800,0,3600,30,9,10
SIM-1089,2026-05,Prendas,Online,3,0,18000,5400,12600,7200,0,5400,60,24,30
SIM-1090,2026-05,Prendas,Online,1,0,6000,0,6000,2400,0,3600,60,24,0
SIM-1091,2026-05,Accesorios,Online,1,0,3000,300,2700,900,0,1800,30,9,10
SIM-1092,2026-05,Calzado,Online,1,0,9000,2700,6300,4200,0,2100,90,42,30
SIM-1093,2026-05,Prendas,Online,1,0,6000,0,6000,2400,0,3600,60,24,0
SIM-1094,2026-05,Calzado,Tienda,1,0,9000,900,8100,4200,0,3900,90,42,10
SIM-1095,2026-05,Prendas,Tienda,1,0,6000,1800,4200,2400,0,1800,60,24,30
SIM-1096,2026-05,Prendas,Online,2,0,12000,3600,8400,4800,0,3600,60,24,30
SIM-1097,2026-05,Prendas,Tienda,1,0,6000,1800,4200,2400,0,1800,60,24,30
SIM-1098,2026-05,Prendas,Tienda,3,1,18000,5400,8400,4800,200,3400,60,24,30
SIM-1099,2026-05,Calzado,Tienda,1,0,9000,900,8100,4200,0,3900,90,42,10
SIM-1100,2026-05,Prendas,Tienda,3,0,18000,3600,14400,7200,0,7200,60,24,20
SIM-1101,2026-05,Prendas,Online,2,0,12000,0,12000,4800,0,7200,60,24,0
SIM-1102,2026-05,Calzado,Tienda,1,0,9000,0,9000,4200,0,4800,90,42,0
SIM-1103,2026-05,Prendas,Online,1,0,6000,0,6000,2400,0,3600,60,24,0
SIM-1104,2026-05,Prendas,Online,1,0,6000,1200,4800,2400,0,2400,60,24,20
SIM-1105,2026-05,Prendas,Online,1,0,6000,1800,4200,2400,0,1800,60,24,30
SIM-1106,2026-05,Prendas,Online,2,0,12000,3600,8400,4800,0,3600,60,24,30
SIM-1107,2026-05,Calzado,Online,3,2,27000,8100,6300,4200,1200,900,90,42,30
SIM-1108,2026-05,Prendas,Tienda,3,0,18000,1800,16200,7200,0,9000,60,24,10
SIM-1109,2026-05,Calzado,Online,1,1,9000,1800,0,0,600,-600,90,42,20
SIM-1110,2026-05,Calzado,Tienda,1,0,9000,1800,7200,4200,0,3000,90,42,20
SIM-1111,2026-05,Accesorios,Online,1,0,3000,300,2700,900,0,1800,30,9,10
SIM-1112,2026-05,Calzado,Online,1,0,9000,2700,6300,4200,0,2100,90,42,30
SIM-1113,2026-05,Accesorios,Tienda,1,0,3000,0,3000,900,0,2100,30,9,0
SIM-1114,2026-05,Prendas,Online,1,0,6000,0,6000,2400,0,3600,60,24,0
SIM-1115,2026-05,Prendas,Tienda,1,0,6000,600,5400,2400,0,3000,60,24,10
SIM-1116,2026-05,Calzado,Tienda,2,1,18000,1800,8100,4200,200,3700,90,42,10
SIM-1117,2026-05,Prendas,Tienda,1,0,6000,1200,4800,2400,0,2400,60,24,20
SIM-1118,2026-05,Calzado,Tienda,1,0,9000,0,9000,4200,0,4800,90,42,0
SIM-1119,2026-05,Calzado,Tienda,1,0,9000,900,8100,4200,0,3900,90,42,10
SIM-1120,2026-05,Accesorios,Tienda,1,0,3000,900,2100,900,0,1200,30,9,30
SIM-1121,2026-05,Calzado,Online,1,1,9000,1800,0,0,600,-600,90,42,20
SIM-1122,2026-05,Prendas,Online,1,0,6000,0,6000,2400,0,3600,60,24,0
SIM-1123,2026-05,Prendas,Online,2,1,12000,2400,4800,2400,600,1800,60,24,20
SIM-1124,2026-05,Prendas,Tienda,1,0,6000,1800,4200,2400,0,1800,60,24,30
SIM-1125,2026-05,Accesorios,Online,1,0,3000,600,2400,900,0,1500,30,9,20
SIM-1126,2026-05,Prendas,Tienda,2,0,12000,1200,10800,4800,0,6000,60,24,10
SIM-1127,2026-05,Calzado,Tienda,1,0,9000,2700,6300,4200,0,2100,90,42,30
SIM-1128,2026-05,Prendas,Tienda,1,0,6000,0,6000,2400,0,3600,60,24,0
SIM-1129,2026-05,Calzado,Online,1,0,9000,0,9000,4200,0,4800,90,42,0
SIM-1130,2026-05,Calzado,Tienda,1,0,9000,1800,7200,4200,0,3000,90,42,20
SIM-1131,2026-05,Calzado,Tienda,1,0,9000,2700,6300,4200,0,2100,90,42,30
SIM-1132,2026-05,Prendas,Online,1,0,6000,1800,4200,2400,0,1800,60,24,30
SIM-1133,2026-05,Prendas,Online,3,1,18000,5400,8400,4800,600,3000,60,24,30
SIM-1134,2026-05,Accesorios,Online,1,0,3000,300,2700,900,0,1800,30,9,10
SIM-1135,2026-05,Prendas,Online,3,0,18000,1800,16200,7200,0,9000,60,24,10
SIM-1136,2026-05,Accesorios,Tienda,1,0,3000,0,3000,900,0,2100,30,9,0
SIM-1137,2026-05,Prendas,Tienda,3,0,18000,5400,12600,7200,0,5400,60,24,30
SIM-1138,2026-05,Calzado,Online,1,0,9000,0,9000,4200,0,4800,90,42,0
SIM-1139,2026-05,Accesorios,Online,1,0,3000,0,3000,900,0,2100,30,9,0
SIM-1140,2026-05,Accesorios,Tienda,1,0,3000,0,3000,900,0,2100,30,9,0
SIM-1141,2026-05,Prendas,Online,3,0,18000,3600,14400,7200,0,7200,60,24,20
SIM-1142,2026-05,Prendas,Online,1,0,6000,600,5400,2400,0,3000,60,24,10
SIM-1143,2026-05,Prendas,Tienda,1,0,6000,600,5400,2400,0,3000,60,24,10
SIM-1144,2026-05,Prendas,Online,3,1,18000,0,12000,4800,600,6600,60,24,0
SIM-1145,2026-05,Calzado,Online,1,0,9000,2700,6300,4200,0,2100,90,42,30
SIM-1146,2026-05,Prendas,Tienda,1,0,6000,600,5400,2400,0,3000,60,24,10
SIM-1147,2026-05,Calzado,Tienda,1,0,9000,0,9000,4200,0,4800,90,42,0
SIM-1148,2026-05,Prendas,Tienda,2,0,12000,3600,8400,4800,0,3600,60,24,30
SIM-1149,2026-05,Prendas,Online,2,1,12000,1200,5400,2400,600,2400,60,24,10
SIM-1150,2026-05,Accesorios,Online,1,0,3000,600,2400,900,0,1500,30,9,20
SIM-1151,2026-05,Calzado,Tienda,1,0,9000,0,9000,4200,0,4800,90,42,0
SIM-1152,2026-05,Accesorios,Tienda,1,0,3000,600,2400,900,0,1500,30,9,20
SIM-1153,2026-05,Prendas,Tienda,1,0,6000,1200,4800,2400,0,2400,60,24,20
SIM-1154,2026-05,Prendas,Tienda,2,0,12000,3600,8400,4800,0,3600,60,24,30
SIM-1155,2026-05,Accesorios,Tienda,1,0,3000,600,2400,900,0,1500,30,9,20
SIM-1156,2026-05,Prendas,Tienda,1,0,6000,600,5400,2400,0,3000,60,24,10
SIM-1157,2026-05,Accesorios,Online,1,0,3000,900,2100,900,0,1200,30,9,30
SIM-1158,2026-05,Prendas,Tienda,3,0,18000,3600,14400,7200,0,7200,60,24,20
SIM-1159,2026-05,Prendas,Online,3,0,18000,1800,16200,7200,0,9000,60,24,10
SIM-1160,2026-05,Accesorios,Tienda,1,0,3000,300,2700,900,0,1800,30,9,10
SIM-1161,2026-05,Prendas,Online,2,0,12000,0,12000,4800,0,7200,60,24,0
SIM-1162,2026-05,Accesorios,Online,3,0,9000,1800,7200,2700,0,4500,30,9,20
SIM-1163,2026-05,Accesorios,Online,1,0,3000,300,2700,900,0,1800,30,9,10
SIM-1164,2026-05,Prendas,Tienda,1,0,6000,0,6000,2400,0,3600,60,24,0
SIM-1165,2026-05,Calzado,Online,1,0,9000,900,8100,4200,0,3900,90,42,10
SIM-1166,2026-05,Prendas,Online,2,0,12000,3600,8400,4800,0,3600,60,24,30
SIM-1167,2026-05,Calzado,Tienda,1,0,9000,0,9000,4200,0,4800,90,42,0
SIM-1168,2026-05,Calzado,Tienda,1,0,9000,2700,6300,4200,0,2100,90,42,30
SIM-1169,2026-05,Accesorios,Online,1,0,3000,300,2700,900,0,1800,30,9,10
SIM-1170,2026-05,Prendas,Online,1,0,6000,0,6000,2400,0,3600,60,24,0
SIM-1171,2026-05,Accesorios,Tienda,2,0,6000,600,5400,1800,0,3600,30,9,10
SIM-1172,2026-05,Prendas,Tienda,1,0,6000,0,6000,2400,0,3600,60,24,0
SIM-1173,2026-05,Prendas,Online,1,1,6000,1800,0,0,600,-600,60,24,30
SIM-1174,2026-05,Calzado,Tienda,1,0,9000,2700,6300,4200,0,2100,90,42,30
SIM-1175,2026-05,Prendas,Tienda,2,0,12000,3600,8400,4800,0,3600,60,24,30
SIM-1176,2026-05,Prendas,Online,2,1,12000,0,6000,2400,600,3000,60,24,0
SIM-1177,2026-05,Accesorios,Tienda,1,0,3000,600,2400,900,0,1500,30,9,20
SIM-1178,2026-05,Calzado,Tienda,1,0,9000,900,8100,4200,0,3900,90,42,10
SIM-1179,2026-05,Prendas,Online,1,0,6000,0,6000,2400,0,3600,60,24,0
SIM-1180,2026-05,Prendas,Online,2,0,12000,0,12000,4800,0,7200,60,24,0
SIM-1181,2026-05,Prendas,Tienda,1,0,6000,0,6000,2400,0,3600,60,24,0
SIM-1182,2026-05,Calzado,Tienda,2,0,18000,5400,12600,8400,0,4200,90,42,30
SIM-1183,2026-05,Prendas,Tienda,1,0,6000,1800,4200,2400,0,1800,60,24,30
SIM-1184,2026-05,Prendas,Tienda,1,0,6000,0,6000,2400,0,3600,60,24,0
SIM-1185,2026-05,Accesorios,Online,1,0,3000,900,2100,900,0,1200,30,9,30
SIM-1186,2026-05,Accesorios,Online,1,0,3000,0,3000,900,0,2100,30,9,0
SIM-1187,2026-05,Accesorios,Online,1,0,3000,300,2700,900,0,1800,30,9,10
SIM-1188,2026-05,Calzado,Online,1,0,9000,900,8100,4200,0,3900,90,42,10
SIM-1189,2026-05,Prendas,Tienda,2,0,12000,3600,8400,4800,0,3600,60,24,30
SIM-1190,2026-05,Prendas,Tienda,1,0,6000,1200,4800,2400,0,2400,60,24,20
SIM-1191,2026-05,Calzado,Online,1,0,9000,900,8100,4200,0,3900,90,42,10
SIM-1192,2026-05,Calzado,Tienda,3,0,27000,5400,21600,12600,0,9000,90,42,20
SIM-1193,2026-05,Calzado,Online,1,0,9000,900,8100,4200,0,3900,90,42,10
SIM-1194,2026-05,Prendas,Online,3,1,18000,5400,8400,4800,600,3000,60,24,30
SIM-1195,2026-05,Prendas,Tienda,1,0,6000,0,6000,2400,0,3600,60,24,0
SIM-1196,2026-05,Calzado,Tienda,3,1,27000,0,18000,8400,200,9400,90,42,0
SIM-1197,2026-05,Prendas,Online,1,0,6000,600,5400,2400,0,3000,60,24,10
SIM-1198,2026-05,Accesorios,Online,1,0,3000,0,3000,900,0,2100,30,9,0
SIM-1199,2026-05,Prendas,Online,1,0,6000,1800,4200,2400,0,1800,60,24,30
SIM-1200,2026-05,Prendas,Online,3,0,18000,0,18000,7200,0,10800,60,24,0
SIM-1201,2026-06,Prendas,Online,1,0,6000,0,6000,2400,0,3600,60,24,0
SIM-1202,2026-06,Accesorios,Tienda,2,0,6000,600,5400,1800,0,3600,30,9,10
SIM-1203,2026-06,Prendas,Online,1,1,6000,600,0,0,600,-600,60,24,10
SIM-1204,2026-06,Accesorios,Tienda,1,0,3000,0,3000,900,0,2100,30,9,0
SIM-1205,2026-06,Prendas,Online,1,1,6000,1800,0,0,600,-600,60,24,30
SIM-1206,2026-06,Calzado,Online,1,1,9000,1800,0,0,600,-600,90,42,20
SIM-1207,2026-06,Calzado,Online,1,0,9000,900,8100,4200,0,3900,90,42,10
SIM-1208,2026-06,Prendas,Online,1,0,6000,1200,4800,2400,0,2400,60,24,20
SIM-1209,2026-06,Accesorios,Online,1,0,3000,600,2400,900,0,1500,30,9,20
SIM-1210,2026-06,Prendas,Online,2,1,12000,0,6000,2400,600,3000,60,24,0
SIM-1211,2026-06,Prendas,Tienda,2,0,12000,2400,9600,4800,0,4800,60,24,20
SIM-1212,2026-06,Calzado,Tienda,1,0,9000,2700,6300,4200,0,2100,90,42,30
SIM-1213,2026-06,Accesorios,Tienda,2,0,6000,600,5400,1800,0,3600,30,9,10
SIM-1214,2026-06,Calzado,Tienda,3,0,27000,2700,24300,12600,0,11700,90,42,10
SIM-1215,2026-06,Accesorios,Tienda,1,0,3000,900,2100,900,0,1200,30,9,30
SIM-1216,2026-06,Prendas,Tienda,1,0,6000,0,6000,2400,0,3600,60,24,0
SIM-1217,2026-06,Calzado,Online,1,0,9000,2700,6300,4200,0,2100,90,42,30
SIM-1218,2026-06,Calzado,Tienda,2,0,18000,1800,16200,8400,0,7800,90,42,10
SIM-1219,2026-06,Prendas,Online,1,0,6000,1200,4800,2400,0,2400,60,24,20
SIM-1220,2026-06,Calzado,Tienda,1,0,9000,2700,6300,4200,0,2100,90,42,30
SIM-1221,2026-06,Prendas,Tienda,3,0,18000,0,18000,7200,0,10800,60,24,0
SIM-1222,2026-06,Prendas,Online,2,0,12000,1200,10800,4800,0,6000,60,24,10
SIM-1223,2026-06,Prendas,Tienda,2,0,12000,1200,10800,4800,0,6000,60,24,10
SIM-1224,2026-06,Accesorios,Tienda,1,0,3000,300,2700,900,0,1800,30,9,10
SIM-1225,2026-06,Accesorios,Tienda,2,0,6000,1800,4200,1800,0,2400,30,9,30
SIM-1226,2026-06,Prendas,Tienda,1,0,6000,0,6000,2400,0,3600,60,24,0
SIM-1227,2026-06,Calzado,Tienda,1,0,9000,2700,6300,4200,0,2100,90,42,30
SIM-1228,2026-06,Accesorios,Online,1,0,3000,300,2700,900,0,1800,30,9,10
SIM-1229,2026-06,Accesorios,Online,1,0,3000,300,2700,900,0,1800,30,9,10
SIM-1230,2026-06,Prendas,Online,1,0,6000,0,6000,2400,0,3600,60,24,0
SIM-1231,2026-06,Prendas,Online,1,0,6000,0,6000,2400,0,3600,60,24,0
SIM-1232,2026-06,Calzado,Online,2,0,18000,5400,12600,8400,0,4200,90,42,30
SIM-1233,2026-06,Calzado,Online,1,0,9000,2700,6300,4200,0,2100,90,42,30
SIM-1234,2026-06,Accesorios,Tienda,1,0,3000,900,2100,900,0,1200,30,9,30
SIM-1235,2026-06,Calzado,Tienda,1,0,9000,900,8100,4200,0,3900,90,42,10
SIM-1236,2026-06,Calzado,Tienda,1,0,9000,1800,7200,4200,0,3000,90,42,20
SIM-1237,2026-06,Prendas,Online,1,0,6000,1800,4200,2400,0,1800,60,24,30
SIM-1238,2026-06,Calzado,Tienda,2,0,18000,0,18000,8400,0,9600,90,42,0
SIM-1239,2026-06,Prendas,Tienda,2,0,12000,3600,8400,4800,0,3600,60,24,30
SIM-1240,2026-06,Calzado,Online,2,0,18000,0,18000,8400,0,9600,90,42,0
SIM-1241,2026-06,Prendas,Online,1,0,6000,1200,4800,2400,0,2400,60,24,20
SIM-1242,2026-06,Prendas,Tienda,1,0,6000,1800,4200,2400,0,1800,60,24,30
SIM-1243,2026-06,Calzado,Online,2,0,18000,3600,14400,8400,0,6000,90,42,20
SIM-1244,2026-06,Calzado,Online,1,0,9000,900,8100,4200,0,3900,90,42,10
SIM-1245,2026-06,Prendas,Tienda,1,0,6000,1200,4800,2400,0,2400,60,24,20
SIM-1246,2026-06,Prendas,Online,1,1,6000,1800,0,0,600,-600,60,24,30
SIM-1247,2026-06,Prendas,Tienda,2,0,12000,1200,10800,4800,0,6000,60,24,10
SIM-1248,2026-06,Accesorios,Tienda,1,0,3000,600,2400,900,0,1500,30,9,20
SIM-1249,2026-06,Prendas,Tienda,1,0,6000,1800,4200,2400,0,1800,60,24,30
SIM-1250,2026-06,Prendas,Online,1,0,6000,0,6000,2400,0,3600,60,24,0
SIM-1251,2026-06,Accesorios,Tienda,1,0,3000,900,2100,900,0,1200,30,9,30
SIM-1252,2026-06,Calzado,Online,1,0,9000,1800,7200,4200,0,3000,90,42,20
SIM-1253,2026-06,Prendas,Online,1,0,6000,600,5400,2400,0,3000,60,24,10
SIM-1254,2026-06,Prendas,Tienda,1,0,6000,600,5400,2400,0,3000,60,24,10
SIM-1255,2026-06,Calzado,Tienda,1,0,9000,2700,6300,4200,0,2100,90,42,30
SIM-1256,2026-06,Calzado,Tienda,1,0,9000,2700,6300,4200,0,2100,90,42,30
SIM-1257,2026-06,Calzado,Tienda,1,0,9000,0,9000,4200,0,4800,90,42,0
SIM-1258,2026-06,Prendas,Online,1,0,6000,0,6000,2400,0,3600,60,24,0
SIM-1259,2026-06,Calzado,Online,3,0,27000,5400,21600,12600,0,9000,90,42,20
SIM-1260,2026-06,Prendas,Tienda,1,0,6000,0,6000,2400,0,3600,60,24,0
SIM-1261,2026-06,Prendas,Online,2,1,12000,3600,4200,2400,600,1200,60,24,30
SIM-1262,2026-06,Accesorios,Online,1,0,3000,0,3000,900,0,2100,30,9,0
SIM-1263,2026-06,Accesorios,Tienda,1,0,3000,900,2100,900,0,1200,30,9,30
SIM-1264,2026-06,Prendas,Online,1,0,6000,1800,4200,2400,0,1800,60,24,30
SIM-1265,2026-06,Accesorios,Tienda,1,0,3000,300,2700,900,0,1800,30,9,10
SIM-1266,2026-06,Calzado,Online,1,0,9000,0,9000,4200,0,4800,90,42,0
SIM-1267,2026-06,Prendas,Tienda,2,0,12000,0,12000,4800,0,7200,60,24,0
SIM-1268,2026-06,Accesorios,Tienda,1,0,3000,600,2400,900,0,1500,30,9,20
SIM-1269,2026-06,Calzado,Online,1,0,9000,0,9000,4200,0,4800,90,42,0
SIM-1270,2026-06,Calzado,Tienda,1,0,9000,2700,6300,4200,0,2100,90,42,30
SIM-1271,2026-06,Prendas,Online,2,0,12000,1200,10800,4800,0,6000,60,24,10
SIM-1272,2026-06,Prendas,Tienda,1,0,6000,600,5400,2400,0,3000,60,24,10
SIM-1273,2026-06,Prendas,Tienda,2,0,12000,0,12000,4800,0,7200,60,24,0
SIM-1274,2026-06,Prendas,Tienda,2,0,12000,1200,10800,4800,0,6000,60,24,10
SIM-1275,2026-06,Prendas,Online,2,0,12000,3600,8400,4800,0,3600,60,24,30
SIM-1276,2026-06,Prendas,Tienda,1,0,6000,1800,4200,2400,0,1800,60,24,30
SIM-1277,2026-06,Prendas,Online,1,0,6000,1800,4200,2400,0,1800,60,24,30
SIM-1278,2026-06,Prendas,Tienda,1,0,6000,1800,4200,2400,0,1800,60,24,30
SIM-1279,2026-06,Prendas,Online,1,0,6000,0,6000,2400,0,3600,60,24,0
SIM-1280,2026-06,Prendas,Online,1,0,6000,600,5400,2400,0,3000,60,24,10
SIM-1281,2026-06,Prendas,Tienda,1,0,6000,1200,4800,2400,0,2400,60,24,20
SIM-1282,2026-06,Prendas,Tienda,1,0,6000,600,5400,2400,0,3000,60,24,10
SIM-1283,2026-06,Prendas,Online,1,0,6000,1800,4200,2400,0,1800,60,24,30
SIM-1284,2026-06,Prendas,Online,1,0,6000,600,5400,2400,0,3000,60,24,10
SIM-1285,2026-06,Calzado,Tienda,1,0,9000,0,9000,4200,0,4800,90,42,0
SIM-1286,2026-06,Prendas,Online,1,1,6000,1800,0,0,600,-600,60,24,30
SIM-1287,2026-06,Prendas,Online,1,0,6000,600,5400,2400,0,3000,60,24,10
SIM-1288,2026-06,Calzado,Online,1,1,9000,0,0,0,600,-600,90,42,0
SIM-1289,2026-06,Prendas,Tienda,2,0,12000,3600,8400,4800,0,3600,60,24,30
SIM-1290,2026-06,Accesorios,Online,1,0,3000,300,2700,900,0,1800,30,9,10
SIM-1291,2026-06,Prendas,Online,1,1,6000,1800,0,0,600,-600,60,24,30
SIM-1292,2026-06,Prendas,Online,3,0,18000,0,18000,7200,0,10800,60,24,0
SIM-1293,2026-06,Accesorios,Online,2,0,6000,0,6000,1800,0,4200,30,9,0
SIM-1294,2026-06,Calzado,Tienda,1,0,9000,2700,6300,4200,0,2100,90,42,30
SIM-1295,2026-06,Prendas,Tienda,2,0,12000,3600,8400,4800,0,3600,60,24,30
SIM-1296,2026-06,Prendas,Online,2,0,12000,0,12000,4800,0,7200,60,24,0
SIM-1297,2026-06,Calzado,Tienda,1,0,9000,2700,6300,4200,0,2100,90,42,30
SIM-1298,2026-06,Accesorios,Tienda,3,0,9000,1800,7200,2700,0,4500,30,9,20
SIM-1299,2026-06,Calzado,Tienda,1,0,9000,0,9000,4200,0,4800,90,42,0
SIM-1300,2026-06,Accesorios,Online,1,0,3000,900,2100,900,0,1200,30,9,30
SIM-1301,2026-06,Calzado,Tienda,1,0,9000,0,9000,4200,0,4800,90,42,0
SIM-1302,2026-06,Prendas,Tienda,1,0,6000,600,5400,2400,0,3000,60,24,10
SIM-1303,2026-06,Calzado,Online,2,0,18000,0,18000,8400,0,9600,90,42,0
SIM-1304,2026-06,Prendas,Tienda,1,0,6000,1800,4200,2400,0,1800,60,24,30
SIM-1305,2026-06,Accesorios,Tienda,1,0,3000,900,2100,900,0,1200,30,9,30
SIM-1306,2026-06,Accesorios,Online,1,0,3000,0,3000,900,0,2100,30,9,0
SIM-1307,2026-06,Prendas,Online,1,0,6000,600,5400,2400,0,3000,60,24,10
SIM-1308,2026-06,Calzado,Tienda,2,0,18000,5400,12600,8400,0,4200,90,42,30
SIM-1309,2026-06,Prendas,Online,1,0,6000,0,6000,2400,0,3600,60,24,0
SIM-1310,2026-06,Accesorios,Tienda,1,0,3000,0,3000,900,0,2100,30,9,0
SIM-1311,2026-06,Prendas,Online,1,1,6000,0,0,0,600,-600,60,24,0
SIM-1312,2026-06,Calzado,Tienda,1,0,9000,2700,6300,4200,0,2100,90,42,30
SIM-1313,2026-06,Prendas,Tienda,1,0,6000,1800,4200,2400,0,1800,60,24,30
SIM-1314,2026-06,Prendas,Online,1,0,6000,1800,4200,2400,0,1800,60,24,30
SIM-1315,2026-06,Prendas,Tienda,1,0,6000,600,5400,2400,0,3000,60,24,10
SIM-1316,2026-06,Prendas,Online,2,0,12000,0,12000,4800,0,7200,60,24,0
SIM-1317,2026-06,Prendas,Online,1,0,6000,1800,4200,2400,0,1800,60,24,30
SIM-1318,2026-06,Prendas,Tienda,1,0,6000,1200,4800,2400,0,2400,60,24,20
SIM-1319,2026-06,Prendas,Online,1,0,6000,0,6000,2400,0,3600,60,24,0
SIM-1320,2026-06,Calzado,Tienda,1,0,9000,900,8100,4200,0,3900,90,42,10
SIM-1321,2026-06,Prendas,Online,1,0,6000,1200,4800,2400,0,2400,60,24,20
SIM-1322,2026-06,Accesorios,Tienda,1,0,3000,900,2100,900,0,1200,30,9,30
SIM-1323,2026-06,Prendas,Tienda,2,0,12000,0,12000,4800,0,7200,60,24,0
SIM-1324,2026-06,Accesorios,Online,1,0,3000,600,2400,900,0,1500,30,9,20
SIM-1325,2026-06,Prendas,Online,2,0,12000,2400,9600,4800,0,4800,60,24,20
SIM-1326,2026-06,Prendas,Online,2,0,12000,0,12000,4800,0,7200,60,24,0
SIM-1327,2026-06,Prendas,Tienda,1,1,6000,0,0,0,200,-200,60,24,0
SIM-1328,2026-06,Prendas,Tienda,3,0,18000,5400,12600,7200,0,5400,60,24,30
SIM-1329,2026-06,Calzado,Tienda,2,0,18000,5400,12600,8400,0,4200,90,42,30
SIM-1330,2026-06,Prendas,Tienda,1,0,6000,1200,4800,2400,0,2400,60,24,20
SIM-1331,2026-06,Accesorios,Online,2,0,6000,0,6000,1800,0,4200,30,9,0
SIM-1332,2026-06,Accesorios,Online,1,0,3000,900,2100,900,0,1200,30,9,30
SIM-1333,2026-06,Prendas,Online,2,0,12000,0,12000,4800,0,7200,60,24,0
SIM-1334,2026-06,Accesorios,Online,3,0,9000,0,9000,2700,0,6300,30,9,0
SIM-1335,2026-06,Calzado,Online,2,0,18000,3600,14400,8400,0,6000,90,42,20
SIM-1336,2026-06,Prendas,Online,1,0,6000,1200,4800,2400,0,2400,60,24,20
SIM-1337,2026-06,Calzado,Online,1,0,9000,1800,7200,4200,0,3000,90,42,20
SIM-1338,2026-06,Prendas,Online,1,1,6000,600,0,0,600,-600,60,24,10
SIM-1339,2026-06,Accesorios,Tienda,1,0,3000,300,2700,900,0,1800,30,9,10
SIM-1340,2026-06,Prendas,Online,1,0,6000,0,6000,2400,0,3600,60,24,0
SIM-1341,2026-06,Calzado,Tienda,2,0,18000,0,18000,8400,0,9600,90,42,0
SIM-1342,2026-06,Calzado,Online,1,0,9000,900,8100,4200,0,3900,90,42,10
SIM-1343,2026-06,Calzado,Online,1,0,9000,2700,6300,4200,0,2100,90,42,30
SIM-1344,2026-06,Calzado,Online,1,0,9000,900,8100,4200,0,3900,90,42,10
SIM-1345,2026-06,Accesorios,Online,1,0,3000,600,2400,900,0,1500,30,9,20
SIM-1346,2026-06,Calzado,Online,1,1,9000,0,0,0,600,-600,90,42,0
SIM-1347,2026-06,Calzado,Tienda,2,0,18000,1800,16200,8400,0,7800,90,42,10
SIM-1348,2026-06,Calzado,Online,1,0,9000,1800,7200,4200,0,3000,90,42,20
SIM-1349,2026-06,Prendas,Online,1,0,6000,600,5400,2400,0,3000,60,24,10
SIM-1350,2026-06,Accesorios,Online,1,0,3000,0,3000,900,0,2100,30,9,0
SIM-1351,2026-06,Prendas,Tienda,1,0,6000,1800,4200,2400,0,1800,60,24,30
SIM-1352,2026-06,Calzado,Tienda,3,0,27000,5400,21600,12600,0,9000,90,42,20
SIM-1353,2026-06,Calzado,Online,1,1,9000,900,0,0,600,-600,90,42,10
SIM-1354,2026-06,Prendas,Online,2,0,12000,3600,8400,4800,0,3600,60,24,30
SIM-1355,2026-06,Prendas,Tienda,3,0,18000,5400,12600,7200,0,5400,60,24,30
SIM-1356,2026-06,Prendas,Tienda,1,0,6000,600,5400,2400,0,3000,60,24,10
SIM-1357,2026-06,Calzado,Online,1,0,9000,900,8100,4200,0,3900,90,42,10
SIM-1358,2026-06,Prendas,Tienda,1,0,6000,1800,4200,2400,0,1800,60,24,30
SIM-1359,2026-06,Calzado,Online,1,0,9000,2700,6300,4200,0,2100,90,42,30
SIM-1360,2026-06,Accesorios,Tienda,1,0,3000,600,2400,900,0,1500,30,9,20
SIM-1361,2026-06,Accesorios,Online,2,0,6000,1200,4800,1800,0,3000,30,9,20
SIM-1362,2026-06,Prendas,Tienda,1,0,6000,600,5400,2400,0,3000,60,24,10
SIM-1363,2026-06,Prendas,Tienda,1,0,6000,600,5400,2400,0,3000,60,24,10
SIM-1364,2026-06,Accesorios,Online,3,0,9000,0,9000,2700,0,6300,30,9,0
SIM-1365,2026-06,Accesorios,Online,1,0,3000,0,3000,900,0,2100,30,9,0
SIM-1366,2026-06,Calzado,Online,1,0,9000,2700,6300,4200,0,2100,90,42,30
SIM-1367,2026-06,Calzado,Tienda,1,0,9000,0,9000,4200,0,4800,90,42,0
SIM-1368,2026-06,Prendas,Tienda,1,0,6000,0,6000,2400,0,3600,60,24,0
SIM-1369,2026-06,Prendas,Online,1,0,6000,600,5400,2400,0,3000,60,24,10
SIM-1370,2026-06,Prendas,Online,2,0,12000,1200,10800,4800,0,6000,60,24,10
SIM-1371,2026-06,Calzado,Online,1,0,9000,900,8100,4200,0,3900,90,42,10
SIM-1372,2026-06,Accesorios,Online,3,0,9000,2700,6300,2700,0,3600,30,9,30
SIM-1373,2026-06,Calzado,Tienda,1,0,9000,1800,7200,4200,0,3000,90,42,20
SIM-1374,2026-06,Prendas,Online,1,1,6000,1800,0,0,600,-600,60,24,30
SIM-1375,2026-06,Accesorios,Tienda,1,0,3000,900,2100,900,0,1200,30,9,30
SIM-1376,2026-06,Prendas,Online,1,0,6000,0,6000,2400,0,3600,60,24,0
SIM-1377,2026-06,Prendas,Online,1,0,6000,0,6000,2400,0,3600,60,24,0
SIM-1378,2026-06,Prendas,Tienda,1,0,6000,1200,4800,2400,0,2400,60,24,20
SIM-1379,2026-06,Accesorios,Tienda,1,1,3000,0,0,0,200,-200,30,9,0
SIM-1380,2026-06,Calzado,Tienda,1,0,9000,2700,6300,4200,0,2100,90,42,30
SIM-1381,2026-06,Calzado,Tienda,1,0,9000,900,8100,4200,0,3900,90,42,10
SIM-1382,2026-06,Calzado,Tienda,3,0,27000,5400,21600,12600,0,9000,90,42,20
SIM-1383,2026-06,Prendas,Online,1,0,6000,0,6000,2400,0,3600,60,24,0
SIM-1384,2026-06,Prendas,Online,1,1,6000,1800,0,0,600,-600,60,24,30
SIM-1385,2026-06,Prendas,Online,1,0,6000,1800,4200,2400,0,1800,60,24,30
SIM-1386,2026-06,Prendas,Online,1,0,6000,600,5400,2400,0,3000,60,24,10
SIM-1387,2026-06,Calzado,Online,1,0,9000,900,8100,4200,0,3900,90,42,10
SIM-1388,2026-06,Accesorios,Online,1,0,3000,900,2100,900,0,1200,30,9,30
SIM-1389,2026-06,Prendas,Tienda,1,0,6000,600,5400,2400,0,3000,60,24,10
SIM-1390,2026-06,Accesorios,Tienda,1,0,3000,900,2100,900,0,1200,30,9,30
SIM-1391,2026-06,Accesorios,Online,1,0,3000,300,2700,900,0,1800,30,9,10
SIM-1392,2026-06,Calzado,Online,2,0,18000,5400,12600,8400,0,4200,90,42,30
SIM-1393,2026-06,Calzado,Tienda,1,0,9000,2700,6300,4200,0,2100,90,42,30
SIM-1394,2026-06,Calzado,Online,3,1,27000,5400,14400,8400,600,5400,90,42,20
SIM-1395,2026-06,Prendas,Online,1,0,6000,1800,4200,2400,0,1800,60,24,30
SIM-1396,2026-06,Calzado,Tienda,1,0,9000,2700,6300,4200,0,2100,90,42,30
SIM-1397,2026-06,Calzado,Tienda,1,0,9000,0,9000,4200,0,4800,90,42,0
SIM-1398,2026-06,Calzado,Online,1,0,9000,2700,6300,4200,0,2100,90,42,30
SIM-1399,2026-06,Calzado,Tienda,2,0,18000,0,18000,8400,0,9600,90,42,0
SIM-1400,2026-06,Prendas,Online,1,0,6000,1800,4200,2400,0,1800,60,24,30
SIM-1401,2026-06,Calzado,Tienda,2,0,18000,3600,14400,8400,0,6000,90,42,20
SIM-1402,2026-06,Prendas,Online,1,0,6000,600,5400,2400,0,3000,60,24,10
SIM-1403,2026-06,Calzado,Online,1,0,9000,0,9000,4200,0,4800,90,42,0
SIM-1404,2026-06,Accesorios,Online,2,0,6000,600,5400,1800,0,3600,30,9,10
SIM-1405,2026-06,Calzado,Tienda,1,0,9000,1800,7200,4200,0,3000,90,42,20
SIM-1406,2026-06,Calzado,Tienda,1,0,9000,2700,6300,4200,0,2100,90,42,30
SIM-1407,2026-06,Prendas,Tienda,2,0,12000,1200,10800,4800,0,6000,60,24,10
SIM-1408,2026-06,Calzado,Tienda,2,1,18000,5400,6300,4200,200,1900,90,42,30
SIM-1409,2026-06,Calzado,Tienda,1,0,9000,900,8100,4200,0,3900,90,42,10
SIM-1410,2026-06,Accesorios,Tienda,1,0,3000,600,2400,900,0,1500,30,9,20
SIM-1411,2026-06,Calzado,Online,1,0,9000,1800,7200,4200,0,3000,90,42,20
SIM-1412,2026-06,Calzado,Online,1,0,9000,1800,7200,4200,0,3000,90,42,20
SIM-1413,2026-06,Calzado,Tienda,1,0,9000,900,8100,4200,0,3900,90,42,10
SIM-1414,2026-06,Prendas,Tienda,2,0,12000,0,12000,4800,0,7200,60,24,0
SIM-1415,2026-06,Prendas,Tienda,1,0,6000,0,6000,2400,0,3600,60,24,0
SIM-1416,2026-06,Prendas,Online,3,0,18000,0,18000,7200,0,10800,60,24,0
SIM-1417,2026-06,Prendas,Online,1,0,6000,0,6000,2400,0,3600,60,24,0
SIM-1418,2026-06,Prendas,Online,1,1,6000,600,0,0,600,-600,60,24,10
SIM-1419,2026-06,Prendas,Online,1,0,6000,1200,4800,2400,0,2400,60,24,20
SIM-1420,2026-06,Prendas,Tienda,1,1,6000,0,0,0,200,-200,60,24,0
SIM-1421,2026-06,Prendas,Online,1,0,6000,0,6000,2400,0,3600,60,24,0
SIM-1422,2026-06,Prendas,Online,1,0,6000,1800,4200,2400,0,1800,60,24,30
SIM-1423,2026-06,Prendas,Online,3,0,18000,1800,16200,7200,0,9000,60,24,10
SIM-1424,2026-06,Accesorios,Online,1,0,3000,900,2100,900,0,1200,30,9,30
SIM-1425,2026-06,Prendas,Online,2,0,12000,1200,10800,4800,0,6000,60,24,10
SIM-1426,2026-06,Accesorios,Online,2,0,6000,1800,4200,1800,0,2400,30,9,30
SIM-1427,2026-06,Prendas,Online,1,0,6000,600,5400,2400,0,3000,60,24,10
SIM-1428,2026-06,Accesorios,Tienda,1,0,3000,900,2100,900,0,1200,30,9,30
SIM-1429,2026-06,Calzado,Online,1,1,9000,0,0,0,600,-600,90,42,0
SIM-1430,2026-06,Accesorios,Tienda,1,0,3000,900,2100,900,0,1200,30,9,30
SIM-1431,2026-06,Calzado,Online,1,0,9000,1800,7200,4200,0,3000,90,42,20
SIM-1432,2026-06,Calzado,Tienda,1,0,9000,2700,6300,4200,0,2100,90,42,30
SIM-1433,2026-06,Prendas,Online,1,0,6000,1800,4200,2400,0,1800,60,24,30
SIM-1434,2026-06,Accesorios,Tienda,1,0,3000,0,3000,900,0,2100,30,9,0
SIM-1435,2026-06,Calzado,Online,1,0,9000,900,8100,4200,0,3900,90,42,10
SIM-1436,2026-06,Calzado,Tienda,1,0,9000,1800,7200,4200,0,3000,90,42,20
SIM-1437,2026-06,Prendas,Tienda,2,0,12000,0,12000,4800,0,7200,60,24,0
SIM-1438,2026-06,Calzado,Tienda,1,0,9000,0,9000,4200,0,4800,90,42,0
SIM-1439,2026-06,Calzado,Tienda,2,0,18000,5400,12600,8400,0,4200,90,42,30
SIM-1440,2026-06,Calzado,Online,2,0,18000,3600,14400,8400,0,6000,90,42,20
SIM-1441,2026-06,Accesorios,Online,1,0,3000,0,3000,900,0,2100,30,9,0
SIM-1442,2026-06,Prendas,Online,2,1,12000,2400,4800,2400,600,1800,60,24,20
SIM-1443,2026-06,Accesorios,Online,2,0,6000,1200,4800,1800,0,3000,30,9,20
SIM-1444,2026-06,Prendas,Online,1,0,6000,1800,4200,2400,0,1800,60,24,30
SIM-1445,2026-06,Calzado,Online,2,0,18000,0,18000,8400,0,9600,90,42,0
SIM-1446,2026-06,Calzado,Tienda,1,0,9000,1800,7200,4200,0,3000,90,42,20
SIM-1447,2026-06,Calzado,Online,1,0,9000,0,9000,4200,0,4800,90,42,0
SIM-1448,2026-06,Prendas,Online,1,0,6000,600,5400,2400,0,3000,60,24,10
SIM-1449,2026-06,Prendas,Online,3,0,18000,1800,16200,7200,0,9000,60,24,10
SIM-1450,2026-06,Prendas,Online,1,0,6000,1800,4200,2400,0,1800,60,24,30
SIM-1451,2026-06,Calzado,Online,3,1,27000,0,18000,8400,600,9000,90,42,0
SIM-1452,2026-06,Calzado,Tienda,1,0,9000,2700,6300,4200,0,2100,90,42,30
SIM-1453,2026-06,Calzado,Online,1,0,9000,2700,6300,4200,0,2100,90,42,30
SIM-1454,2026-06,Prendas,Tienda,1,0,6000,600,5400,2400,0,3000,60,24,10
SIM-1455,2026-06,Prendas,Online,1,0,6000,1800,4200,2400,0,1800,60,24,30
SIM-1456,2026-06,Calzado,Tienda,2,0,18000,0,18000,8400,0,9600,90,42,0
SIM-1457,2026-06,Calzado,Online,1,0,9000,900,8100,4200,0,3900,90,42,10
SIM-1458,2026-06,Calzado,Tienda,1,0,9000,2700,6300,4200,0,2100,90,42,30
SIM-1459,2026-06,Prendas,Tienda,1,0,6000,1200,4800,2400,0,2400,60,24,20
SIM-1460,2026-06,Calzado,Tienda,2,0,18000,0,18000,8400,0,9600,90,42,0
SIM-1461,2026-06,Calzado,Online,1,1,9000,0,0,0,600,-600,90,42,0
SIM-1462,2026-06,Calzado,Online,1,0,9000,0,9000,4200,0,4800,90,42,0
SIM-1463,2026-06,Calzado,Tienda,1,0,9000,0,9000,4200,0,4800,90,42,0
SIM-1464,2026-06,Prendas,Tienda,2,0,12000,3600,8400,4800,0,3600,60,24,30
SIM-1465,2026-06,Prendas,Tienda,1,0,6000,600,5400,2400,0,3000,60,24,10
SIM-1466,2026-06,Prendas,Tienda,1,0,6000,0,6000,2400,0,3600,60,24,0
SIM-1467,2026-06,Accesorios,Online,1,0,3000,300,2700,900,0,1800,30,9,10
SIM-1468,2026-06,Prendas,Online,1,0,6000,1200,4800,2400,0,2400,60,24,20
SIM-1469,2026-06,Prendas,Online,1,0,6000,1800,4200,2400,0,1800,60,24,30
SIM-1470,2026-06,Calzado,Tienda,3,0,27000,5400,21600,12600,0,9000,90,42,20
SIM-1471,2026-06,Calzado,Tienda,1,0,9000,2700,6300,4200,0,2100,90,42,30
SIM-1472,2026-06,Accesorios,Tienda,1,0,3000,900,2100,900,0,1200,30,9,30
SIM-1473,2026-06,Prendas,Tienda,2,0,12000,0,12000,4800,0,7200,60,24,0
SIM-1474,2026-06,Calzado,Online,1,0,9000,2700,6300,4200,0,2100,90,42,30
SIM-1475,2026-06,Prendas,Tienda,2,0,12000,1200,10800,4800,0,6000,60,24,10
SIM-1476,2026-06,Accesorios,Tienda,2,0,6000,600,5400,1800,0,3600,30,9,10
SIM-1477,2026-06,Accesorios,Online,3,0,9000,0,9000,2700,0,6300,30,9,0
SIM-1478,2026-06,Prendas,Tienda,1,0,6000,1200,4800,2400,0,2400,60,24,20
SIM-1479,2026-06,Prendas,Tienda,1,0,6000,1800,4200,2400,0,1800,60,24,30
SIM-1480,2026-06,Prendas,Tienda,1,0,6000,1200,4800,2400,0,2400,60,24,20
SIM-1481,2026-06,Prendas,Online,1,0,6000,600,5400,2400,0,3000,60,24,10
SIM-1482,2026-06,Prendas,Online,1,0,6000,0,6000,2400,0,3600,60,24,0
SIM-1483,2026-06,Prendas,Online,1,0,6000,0,6000,2400,0,3600,60,24,0
SIM-1484,2026-06,Calzado,Online,3,0,27000,8100,18900,12600,0,6300,90,42,30
SIM-1485,2026-06,Prendas,Tienda,1,0,6000,1200,4800,2400,0,2400,60,24,20
SIM-1486,2026-06,Accesorios,Online,1,0,3000,0,3000,900,0,2100,30,9,0
SIM-1487,2026-06,Prendas,Tienda,1,0,6000,0,6000,2400,0,3600,60,24,0
SIM-1488,2026-06,Prendas,Tienda,1,0,6000,0,6000,2400,0,3600,60,24,0
SIM-1489,2026-06,Prendas,Online,1,0,6000,600,5400,2400,0,3000,60,24,10
SIM-1490,2026-06,Accesorios,Online,2,0,6000,0,6000,1800,0,4200,30,9,0
SIM-1491,2026-06,Prendas,Tienda,2,0,12000,1200,10800,4800,0,6000,60,24,10
SIM-1492,2026-06,Prendas,Tienda,1,0,6000,1800,4200,2400,0,1800,60,24,30
SIM-1493,2026-06,Prendas,Tienda,1,0,6000,0,6000,2400,0,3600,60,24,0
SIM-1494,2026-06,Prendas,Online,2,0,12000,0,12000,4800,0,7200,60,24,0
SIM-1495,2026-06,Accesorios,Online,1,0,3000,0,3000,900,0,2100,30,9,0
SIM-1496,2026-06,Prendas,Online,1,0,6000,0,6000,2400,0,3600,60,24,0
SIM-1497,2026-06,Accesorios,Online,3,0,9000,900,8100,2700,0,5400,30,9,10
SIM-1498,2026-06,Prendas,Online,1,0,6000,0,6000,2400,0,3600,60,24,0
SIM-1499,2026-06,Accesorios,Tienda,2,0,6000,0,6000,1800,0,4200,30,9,0
SIM-1500,2026-06,Prendas,Online,1,0,6000,0,6000,2400,0,3600,60,24,0
